timestamp_utc,open,high,low,close,volume,turnover,EMA5,EMA10,EMA20,EMA50,EMA100,SMA20,BB_upper,BB_mid,BB_lower,RSI14,MACD,MACD_signal,MACD_hist,STOCH_K,STOCH_D,ATR14,OBV,liquidity,liquidity_ma,support,resistance,buy_signal,sell_signal,signal,signal_reason
2026-09-10 20:35:00+00:00,0.0843,0.0843,0.0843,0.0843,0.0,0.0,,,,,,,,,,,0.0,0.0,0.0,,,,0.0,0.0,0.0,0.0843,0.0843,False,False,0,
2026-09-10 20:36:00+00:00,0.0843,0.0843,0.08428,0.08428,2492.7,210.127532,,,,,,,,,,,-1.5954415954477774e-06,-3.190883190895555e-07,-1.276353276358222e-06,,,,-2492.7,210.127532,105.063766,0.08428,0.0843,False,False,0,
2026-09-10 20:37:00+00:00,0.08428,0.08434,0.08428,0.08434,17620.3,1485.478866,,,,,,,,,,,0.0,0.0,0.0,,,,0.0,1485.478866,1485.478866,0.08428,0.08434,False,False,0,
2026-09-10 20:38:00+00:00,0.08434,0.08434,0.08429,0.08429,422.2,35.59005,,,,,,,,,,,-3.988603988605566e-06,-7.977207977211132e-07,-3.1908831908844528e-06,,,,-422.2,35.59005,760.534458,0.08428,0.08434,False,False,0,
2026-09-10 20:39:00+00:00,0.08429,0.08429,0.08428,0.08428,11179.6,942.216688,,,,,,,,,,,-7.865845244758862e-06,-2.211345687128663e-06,-5.654499557630199e-06,,,,-11601.8,942.216688,821.0952013333332,0.08428,0.08434,False,False,0,
2026-09-10 20:40:00+00:00,0.08428,0.08428,0.08428,0.08428,0.0,0.0,,,,,,,,,,,-1.0813930613612356e-05,-3.931862672425402e-06,-6.882067941186953e-06,,,,-11601.8,0.0,615.8214009999999,0.08428,0.08434,False,False,0,
2026-09-10 20:41:00+00:00,0.08428,0.08428,0.08427,0.08427,5932.9,499.965483,0.0842895061728395,,,,,,,,,,-1.3798169228945724e-05,-5.905123983729466e-06,-7.893045245216255e-06,,,,-17534.7,499.965483,592.6502174,0.08427,0.08434,False,False,0,
2026-09-10 20:42:00+00:00,0.08427,0.08427,0.08426,0.08426,18804.0,1584.433463,0.084279670781893,,,,,,,,,,-1.677672462011004e-05,-8.079444111005582e-06,-8.697280509104458e-06,,,,-36338.7,1584.433463,757.947425,0.08426,0.08434,False,False,0,
2026-09-10 20:43:00+00:00,0.08426,0.08428,0.08426,0.08428,25975.3,2189.133218,0.084279780521262,,,,,,,,,,-1.732372129842341e-05,-9.928299548489148e-06,-7.395421749934263e-06,,,,-10363.399999999998,2189.133218,962.4025382857144,0.08426,0.08434,False,False,0,
2026-09-10 20:44:00+00:00,0.08428,0.08431,0.08428,0.08431,5348.0,450.81943,0.0842898536808413,,,,,,,,,,-1.5161696231030808e-05,-1.097497888499748e-05,-4.186717346033327e-06,,,,-5015.399999999998,450.81943,898.45464975,0.08426,0.08434,False,False,0,
2026-09-10 20:45:00+00:00,0.08431,0.08431,0.08427,0.08428,26941.4,2270.393201,0.0842865691205609,,,,,,,,,,-1.5688181477582774e-05,-1.191761940351454e-05,-3.770562074068234e-06,,,,-31956.8,2270.393201,1050.8922665555556,0.08426,0.08434,False,False,0,
2026-09-10 20:46:00+00:00,0.08428,0.08428,0.08428,0.08428,0.0,0.0,,,,,,,,,,,0.0,0.0,0.0,,,,0.0,0.0,0.0,0.08428,0.08428,False,False,0,
2026-09-10 20:47:00+00:00,0.08428,0.08428,0.08415,0.08415,128300.4,10807.390558,,,,,,,,,,,-1.037037037036892e-05,-2.074074074073784e-06,-8.296296296295137e-06,,,,-128300.4,10807.390558,5403.695279,0.08415,0.08428,False,False,0,
2026-09-10 20:48:00+00:00,0.08415,0.08418,0.08414,0.08418,7367.8,620.118773,,,,,,,,,,,-1.598396116914147e-05,-4.8560514930873216e-06,-1.1127909676054148e-05,,,,-120932.6,620.118773,3809.169777,0.08414,0.08428,False,False,0,
2026-09-10 20:49:00+00:00,0.08418,0.08418,0.08418,0.08418,0.0,0.0,,,,,,,,,,,-2.0199920214680755e-05,-7.924825237406009e-06,-1.2275094977274746e-05,,,,-120932.6,0.0,2856.87733275,0.08414,0.08428,False,False,0,
2026-09-10 20:50:00+00:00,0.08418,0.08419,0.08416,0.08416,7329.6,616.896318,0.0841901234567901,,,,,,,,,,-2.486826510546269e-05,-1.1313513211017347e-05,-1.3554751894445347e-05,,,,-128262.2,616.896318,2408.8811298,0.08414,0.08428,False,False,0,
2026-09-10 20:51:00+00:00,0.08416,0.08416,0.08416,0.08416,0.0,0.0,0.0841800823045267,,,,,,,,,,-2.824240124375821e-05,-1.469929081756552e-05,-1.3543110426192688e-05,,,,-128262.2,0.0,2007.4009415,0.08414,0.08428,False,False,0,
2026-09-10 20:52:00+00:00,0.08416,0.08419,0.08416,0.08419,9167.5,771.704657,0.0841833882030178,,,,,,,,,,-2.8170942078686867e-05,-1.739362106978979e-05,-1.0777321008897078e-05,,,,-119094.7,771.704657,1830.872900857143,0.08414,0.08428,False,False,0,
2026-09-10 20:53:00+00:00,0.08419,0.0842,0.08418,0.0842,4972.1,418.632425,0.0841889254686785,,,,,,,,,,-2.699619837867595e-05,-1.9314136531567022e-05,-7.682061847108928e-06,,,,-114122.6,418.632425,1654.3428413749998,0.08414,0.08428,False,False,0,
2026-09-10 20:54:00+00:00,0.0842,0.0842,0.08419,0.08419,1134.8,95.54517,0.0841892836457857,,,,,,,,,,-2.65658869512686e-05,-2.0764486615507342e-05,-5.80140033576126e-06,,,,-115257.4,95.54517,1481.1431001111112,0.08414,0.08428,False,False,0,
2026-09-10 20:55:00+00:00,0.08419,0.08419,0.08418,0.08418,89.1,7.500438,0.0841861890971904,0.0841972899360726,,,,,,,,,-2.6723724015798037e-05,-2.195633409556548e-05,-4.767389920232553e-06,,,,-115346.5,7.500438,1333.7788339,0.08414,0.08428,False,False,0,
2026-09-10 20:56:00+00:00,0.08418,0.0842,0.08418,0.08418,3734.2,314.345406,0.0841841260647936,0.0841941463113321,,,,,,,,,-2.6542841670168515e-05,-2.2873635610486088e-05,-3.669206059682428e-06,,,,-115346.5,314.345406,1241.103067727273,0.08414,0.08428,False,False,0,
2026-09-10 20:57:00+00:00,0.08418,0.08418,0.08418,0.08418,0.0,0.0,0.0841827507098624,0.0841915742547263,,,,,,,,,-2.6098642206554e-05,-2.351863692969967e-05,-2.580005276854331e-06,,,,-115346.5,0.0,1137.6778120833333,0.08414,0.08428,False,False,0,
2026-09-10 20:58:00+00:00,0.08418,0.0842,0.08417,0.08417,15070.8,1268.64135,0.0841785004732416,0.0841876516629578,,,,,,,,,-2.6250923057510867e-05,-2.4065094155261916e-05,-2.185828902248953e-06,,,,-130417.3,1268.64135,1147.7519303846152,0.08414,0.08428,False,False,0,
2026-09-10 20:59:00+00:00,0.08417,0.0842,0.08417,0.08418,5431.2,457.276319,0.0841790003154944,0.084186260451511,,,,,,,,,-2.527335480047299e-05,-2.430674628430413e-05,-9.666085161688613e-07,28.571428571429987,28.571428571429987,1.4672163501320345e-05,-124986.1,457.276319,1098.4322438571428,0.08414,0.08428,False,False,0,
2026-09-10 21:00:00+00:00,0.08418,0.08426,0.08418,0.08426,3962.1,333.593443,0.0842060002103296,0.0841996676421453,,,,,,,,14.603786785878428,-1.7837671923315312e-05,-2.3012931412106367e-05,5.175259488791054e-06,57.14285714285997,42.85714285714498,1.933843753694009e-05,-121024.0,333.593443,1047.4429904666663,0.08414,0.08428,False,False,0,
2026-09-10 21:01:00+00:00,0.08426,0.08426,0.08415,0.08419,13331.3,1122.395216,0.0842006668068864,0.084197909889028,,,,,,,,13.4142657956682,-1.7392761726978123e-05,-2.188889747508072e-05,4.496135748102594e-06,51.984126984127904,45.89947089947263,2.581426342715858e-05,-134355.3,1122.395216,1052.1275045625,0.08414,0.08428,False,False,0,
2026-09-10 21:02:00+00:00,0.08419,0.08423,0.08417,0.08423,4248.2,357.73639,0.0842104445379242,0.0842037444546592,,,,,,,,17.547201612371936,-1.3655094060593951e-05,-2.0242136792183365e-05,6.587042731589412e-06,66.70274170274139,58.60990860990976,2.8256101753790437e-05,-130107.1,357.73639,1011.2809684117648,0.08414,0.08428,False,False,0,
2026-09-10 21:03:00+00:00,0.08423,0.08423,0.08423,0.08423,0.0,0.0,0.0842169630252828,0.0842085181901757,,,,,,,,17.547201612371936,-1.0571108349774485e-05,-1.830793110370159e-05,7.736822753927106e-06,62.37373737373488,60.35353535353473,2.6237808771376832e-05,-130107.1,0.0,955.0986923888888,0.08414,0.08428,False,False,0,
2026-09-10 21:04:00+00:00,0.08423,0.08423,0.08423,0.08423,0.0,0.0,0.0842213086835219,0.0842124239737801,,,,,,,,17.547201612371936,-8.034411757534832e-06,-1.625322723446824e-05,8.218815476933408e-06,72.72727272727043,67.26791726791556,2.4363679573421344e-05,-130107.1,0.0,904.8303401578946,0.08414,0.08428,False,False,0,
2026-09-10 21:05:00+00:00,0.08423,0.08423,0.08419,0.08419,626.6,52.753454,0.0842108724556812,0.0842083468876383,0.0842121875261291,,,0.0841955,0.0842613710862215,0.0841955,0.0841296289137785,16.559955284899928,-9.14629435042058e-06,-1.483184065765871e-05,5.685546307238129e-06,60.60606060605869,65.235690235688,2.5480559603891133e-05,-130733.7,52.753454,862.22649585,0.08414,0.08428,False,False,0,
2026-09-10 21:06:00+00:00,0.08419,0.08419,0.08419,0.08419,0.0,0.0,0.0842039149704542,0.0842050110898858,0.0842100744284025,,,0.084191,0.0842442541078227,0.084191,0.0841377458921772,16.559955284899928,-9.91319616137909e-06,-1.3848111758402786e-05,3.9349155970236965e-06,48.48484848484696,60.60606060605869,2.3660519632184623e-05,-130733.7,0.0,862.22649585,0.08414,0.08428,False,False,0,
2026-09-10 21:07:00+00:00,0.08419,0.08419,0.08409,0.08411,24469.5,2057.913763,0.0841726099803028,0.0841877363462702,0.0842005435304594,,,0.084189,0.084250611687203,0.084189,0.084127388312797,14.648320763575711,-1.678284064390856e-05,-1.4435057535503942e-05,-2.3477831084046165e-06,28.16399286987557,45.75163398692707,2.9113339658457356e-05,-155203.2,2057.913763,424.7526561000001,0.08409,0.08428,False,False,0,
2026-09-10 21:08:00+00:00,0.08411,0.08423,0.08411,0.08423,28357.1,2385.853793,0.0841917399868685,0.0841954206469484,0.0842033489085109,,,0.0841915,0.0842554609255717,0.0841915,0.0841275390744282,28.062835393754384,-1.2401133721168243e-05,-1.4028272772636804e-05,1.6271390514685578e-06,43.49376114082039,40.04753416518097,3.560524396856719e-05,-126846.1,2385.853793,513.0394071000001,0.08409,0.08428,False,False,0,
2026-09-10 21:09:00+00:00,0.08423,0.08425,0.08423,0.08425,250.5,21.104625,0.0842111599912457,0.084205344165685,0.0842077918696051,,,0.084195,0.084263556546004,0.084195,0.0841264434539959,30.03647569491248,-7.231407400248857e-06,-1.2668899698159216e-05,5.4374922979103575e-06,62.74509803921729,44.800950683304414,3.449058368509855e-05,-126595.6,21.104625,514.0946383500001,0.08409,0.08428,True,False,1,RSI cross up 30
2026-09-10 21:10:00+00:00,0.08425,0.08428,0.08425,0.08428,75018.0,6322.250084,0.0842341066608304,0.0842189179537423,0.0842146688344046,,,0.084201,0.0842768683069535,0.084201,0.0841251316930464,33.00560492847937,-7.054804263134651e-07,-1.0276215843790064e-05,9.5707354174766e-06,92.15686274509852,66.13190730837873,3.4169827707590684e-05,-51577.600000000006,6322.250084,799.3623266500001,0.08409,0.08428,False,False,0,
2026-09-10 21:11:00+00:00,0.08428,0.08428,0.08427,0.08427,7102.0,598.48643,0.0842460711072203,0.0842282055985164,0.0842199384692232,,,0.0842065,0.0842855632658065,0.0842065,0.0841274367341934,32.51033462200154,3.617744187750516e-06,-7.497423837481949e-06,1.1115168025232463e-05,96.28482972136366,83.72893016855983,3.24434114427625e-05,-58679.600000000006,598.48643,829.2866481500001,0.08409,0.08428,False,False,0,
2026-09-10 21:12:00+00:00,0.08427,0.08427,0.08424,0.08427,40601.8,3421.083315,0.0842540474048135,0.0842358045806043,0.0842247062340591,,,0.0842105,0.0842938006602614,0.0842105,0.0841271993397385,32.51033462200154,6.963658125400118e-06,-4.605207444905536e-06,1.1568865570305657e-05,96.49122807017672,94.97764017887964,3.226888205399391e-05,-58679.600000000006,3421.083315,961.75558105,0.08409,0.08428,False,False,0,
2026-09-10 21:13:00+00:00,0.08427,0.08427,0.08421,0.08421,20846.0,1756.091332,0.0842393649365423,0.0842311128386762,0.0842233056403392,,,0.084211,0.0842941624915451,0.084211,0.0841278375084548,29.43662250164253,4.719417955476035e-06,-2.7402823648292213e-06,7.459700320305256e-06,84.21052631579037,92.32886136911024,3.424967619299467e-05,-79525.6,1756.091332,1028.6285264,0.08409,0.08428,False,False,0,
2026-09-10 21:14:00+00:00,0.08421,0.08421,0.08419,0.08419,353.1,29.727489,0.0842229099576949,0.0842236377770987,0.0842201336745926,,,0.084211,0.0842941624915451,0.084211,0.0841278375084548,28.47035351969508,1.3118859937821805e-06,-1.9298486931069414e-06,3.2417346868891217e-06,70.17543859649238,83.62573099415316,3.3231842179208784e-05,-79878.70000000001,29.727489,1025.33764235,0.08409,0.08428,False,False,0,
2026-09-10 21:15:00+00:00,0.08419,0.08419,0.08414,0.08414,6276.5,528.385749,0.0841952733051299,0.0842084309085353,0.0842125018960599,,,0.084209,0.0842968407650239,0.084209,0.084121159234976,26.158562235122417,-5.361387035968113e-06,-2.616156361679176e-06,-2.745230674288937e-06,47.36842105263376,67.25146198830551,3.4429567737836336e-05,-86155.20000000001,528.385749,1051.3819079,0.08409,0.08428,False,True,-1,EMA5 cross down EMA20
2026-09-10 21:16:00+00:00,0.08414,0.08414,0.08414,0.08414,0.0,0.0,0.0841768488700866,0.0841959889251652,0.084205596953578,,,0.084207,0.0842991086315173,0.084207,0.0841148913684826,26.15856223512243,-1.0528636423534632e-05,-4.198652374050268e-06,-6.329984049484364e-06,35.08771929824985,50.87719298245866,3.1970312899419456e-05,-86155.20000000001,0.0,1035.6646376,0.08409,0.08428,False,False,0,
2026-09-10 21:17:00+00:00,0.08414,0.08415,0.08412,0.08412,5291.2,445.250673,0.0841578992467244,0.0841821727569534,0.0841974448627611,,,0.084204,0.084303075728612,0.084204,0.0841049242713879,25.208963537279946,-1.6052508320638093e-05,-6.5694235633678336e-06,-9.48308475727026e-06,22.8070175438635,35.087719298249034,3.18295762637468e-05,-91446.4,445.250673,1057.92717125,0.08409,0.08428,False,False,0,
2026-09-10 21:18:00+00:00,0.08412,0.08412,0.08408,0.0841,19234.3,1617.322356,0.0841385994978162,0.0841672322556891,0.084188164399641,,,0.0842005,0.0843086619156635,0.0842005,0.0840923380843364,24.26052095099625,-2.1792835210726613e-05,-9.61410589283959e-06,-1.2178729317887023e-05,17.368421052632605,25.087719298248647,3.2413177959193344e-05,-110680.7,1617.322356,1075.36122155,0.08408,0.08428,False,False,0,
2026-09-10 21:19:00+00:00,0.0841,0.0841,0.08407,0.08407,7610.2,639.790406,0.0841157329985441,0.0841495536637456,0.0841769106472942,,,0.0841949999999999,0.0843170655561573,0.0841949999999999,0.0840729344438426,22.870541300771706,-2.8435053313097255e-05,-1.3378295376891123e-05,-1.5056757936206132e-05,8.596491228069537,16.257309941521875,3.224080810496442e-05,-118290.9,639.790406,1084.4869259000002,0.08407,0.08428,False,False,0,
2026-09-10 21:20:00+00:00,0.08407,0.08407,0.08407,0.08407,263.3,22.135631,0.0841004886656961,0.0841350893612464,0.0841667286808852,,,0.0841855,0.084315188087348,0.0841855,0.0840558119126519,22.870541300771706,-3.33150241532687e-05,-1.736564113216664e-05,-1.594938302110206e-05,3.333333333332181,9.76608187134477,2.9937893240324105e-05,-118290.9,22.135631,1068.9140353,0.08407,0.08428,False,False,0,
2026-09-10 21:21:00+00:00,0.08407,0.0841,0.08407,0.08409,7010.4,589.560264,0.0840969924437974,0.0841268912955652,0.0841594211874676,,,0.0841805,0.08431665799646,0.0841805,0.08404434200354,26.142306786862875,-3.51632631402643e-05,-2.0925165533786176e-05,-1.4238097606478125e-05,3.174603174602131,5.034809245334611,2.994232943744298e-05,-111280.5,589.560264,1042.2722877,0.08407,0.08428,False,False,0,
2026-09-10 21:22:00+00:00,0.08409,0.08413,0.08409,0.08409,25057.8,2108.065706,0.0840946616291982,0.0841201837872806,0.084152809645804,,,0.0841735,0.0843131101715492,0.0841735,0.0840338898284507,26.142306786862875,-3.621059268116289e-05,-2.398225096326152e-05,-1.222834171790137e-05,6.349206349204256,4.285714285712852,3.066073447762551e-05,-111280.5,2108.065706,1129.7887535,0.08407,0.08428,False,False,0,
2026-09-10 21:23:00+00:00,0.08409,0.08409,0.08409,0.08409,0.0,0.0,0.0840931077527988,0.0841146958259569,0.084146827774775,,,0.0841665,0.0843081015536638,0.0841665,0.0840248984463361,26.142306786862875,-3.661849368692682e-05,-2.6509499507994584e-05,-1.0108994178932238e-05,9.523809523806378,6.349206349204251,2.847068201493797e-05,-111280.5,0.0,1129.7887535,0.08407,0.08428,False,False,0,
2026-09-10 21:24:00+00:00,0.08409,0.08409,0.08409,0.08409,0.0,0.0,0.0840920718351992,0.0841102056757829,0.0841414156057488,,,0.0841595,0.0843016935300919,0.0841595,0.084017306469908,26.142306786862875,-3.652076947566196e-05,-2.851175350152806e-05,-8.009015974133902e-06,9.523809523806378,8.465608465605667,2.6437061871013837e-05,-111280.5,0.0,1129.7887535,0.08407,0.08428,False,False,0,
2026-09-10 21:25:00+00:00,0.08409,0.08411,0.08409,0.08409,527.0,44.321294,0.0840913812234661,0.0841065319165496,0.0841365188813918,,,0.0841545,0.0842990648643343,0.0841545,0.0840099351356656,26.142306786862875,-3.602801381752396e-05,-3.001500556472724e-05,-6.013008252796722e-06,9.682539682536436,9.576719576716393,2.5977271737370428e-05,-111280.5,44.321294,1129.3671455,0.08407,0.08428,False,False,0,
2026-09-10 21:26:00+00:00,0.08409,0.08409,0.08409,0.08409,0.0,0.0,0.0840909208156441,0.0841035261135406,0.0841320885117354,,,0.0841495,0.0842957155942436,0.0841495,0.0840032844057564,26.142306786862875,-3.52313760361711e-05,-3.105827965901602e-05,-4.173096377155086e-06,9.841269841266485,9.682539682536428,2.412175232755825e-05,-111280.5,0.0,1129.3671455,0.08407,0.08428,False,False,0,
2026-09-10 21:27:00+00:00,0.08409,0.08413,0.08409,0.08413,23.7,1.993881,0.0841039472104294,0.0841083395474423,0.0841318896058559,,,0.0841504999999999,0.0842958925720248,0.0841504999999999,0.0840051074279751,34.77443406261308,-3.101484927259257e-05,-3.104959358173133e-05,3.474430913875709e-08,20.9523809523777,13.492063492060202,2.5255912875589693e-05,-111256.80000000002,1.993881,1026.5711514,0.08407,0.08428,True,False,1,RSI cross up 30
2026-09-10 21:28:00+00:00,0.08413,0.08413,0.08413,0.08413,0.0,0.0,0.0841126314736196,0.0841122778115436,0.0841317096433934,,,0.0841455,0.0842864219642214,0.0841455,0.0840045780357786,34.77443406261308,-2.735785708719851e-05,-3.0311246282824763e-05,2.9533891956262515e-06,34.28571428571026,21.693121693118144,2.345191909876186e-05,-111256.80000000002,0.0,907.27846175,0.08407,0.08428,False,False,0,
2026-09-10 21:29:00+00:00,0.08413,0.08414,0.08413,0.08414,9922.2,834.853908,0.0841217543157464,0.0841173182094448,0.0841324992011654,,,0.0841399999999999,0.0842725141501878,0.0841399999999999,0.0840074858498121,36.91227951762564,-2.3383201020715783e-05,-2.892563723040297e-05,5.5424362096871885e-06,60.1190476190462,38.45238095237805,2.24910677345653e-05,-101334.60000000002,834.853908,947.9659259,0.08407,0.08428,False,False,0,
2026-09-10 21:30:00+00:00,0.08414,0.08414,0.08413,0.08413,4016.8,337.933384,0.0841245028771642,0.0841196239895457,0.0841322611820068,,,0.0841325,0.0842484094474148,0.0841325,0.0840165905525851,35.6537921444113,-2.080039981740278e-05,-2.7300589747802937e-05,6.500189930400155e-06,70.83333333332997,55.07936507936214,2.1598848610668493e-05,-105351.40000000002,337.933384,648.7500908999999,0.08407,0.08428,False,False,0,
2026-09-10 21:31:00+00:00,0.08413,0.08413,0.08407,0.08407,6487.3,545.680243,0.0841063352514428,0.0841106014459919,0.0841263315456252,,,0.0841225,0.0842226748471424,0.0841225,0.0840223251528575,29.217242108030305,-2.332612081402952e-05,-2.6505695961048257e-05,3.1795751470187404e-06,54.16666666666523,61.706349206347134,2.434178799562008e-05,-111838.70000000004,545.680243,646.10978155,0.08407,0.08428,False,False,0,
2026-09-10 21:32:00+00:00,0.08407,0.08407,0.08399,0.08399,3593.9,302.020377,0.0840675568342952,0.084088673910357,0.084113347588899,,,0.0841085,0.0842002115041858,0.0841085,0.0840167884958141,23.202625251061846,-3.142090369386008e-05,-2.7488737507610624e-05,-3.9321661862494565e-06,24.99999999999712,49.99999999999744,2.8317374567362255e-05,-115432.60000000002,302.020377,490.15663465,0.08399,0.08428,False,False,0,
2026-09-10 21:33:00+00:00,0.08399,0.08404,0.08399,0.08402,3036.1,255.146559,0.0840517045561968,0.0840761877448376,0.0841044573423372,,,0.084099,0.0841859252552485,0.084099,0.0840120747447514,29.097144934794912,-3.50117346829687e-05,-2.899333694268224e-05,-6.018397740286459e-06,6.666666666666676,28.61111111110967,2.9866133526836986e-05,-112396.5,255.146559,415.109396,0.08399,0.08428,False,False,0,
2026-09-10 21:34:00+00:00,0.08402,0.08405,0.08402,0.08405,1021261.3,85816.982531,0.0840511363707978,0.0840714263366853,0.0840992709287812,,,0.084092,0.0841706384130055,0.084092,0.0840133615869944,34.510406657309346,-3.503290728487651e-05,-3.0201251011121093e-05,-4.83165627375542e-06,20.00000000000001,17.222222222221262,2.987569541777736e-05,908864.8,85816.982531,4704.4721481,0.08399,0.08428,True,False,1,RSI cross up 30
2026-09-10 21:35:00+00:00,0.08405,0.08406,0.08403,0.08404,670.0,56.305576,0.0840474242471986,0.0840657124572879,0.0840936260784211,0.0841477747870702,,0.084087,0.0841655111457057,0.084087,0.0840084888542942,33.58981642906332,-3.544798089280543e-05,-3.125059698745796e-05,-4.197383905347468e-06,31.111111111112148,19.259259259259608,2.9884574316507705e-05,908194.8,56.305576,4680.86813945,0.08399,0.08428,False,False,0,
2026-09-10 21:36:00+00:00,0.08404,0.08404,0.08399,0.08399,16220.3,1362.575947,0.0840282828314657,0.0840519465559628,0.0840837569280953,0.0841415875405185,,0.0840795,0.0841646997652581,0.0840795,0.0839943002347418,29.371007846714534,-3.935781940737904e-05,-3.287204147144218e-05,-6.4857779359368565e-06,24.44444444444548,25.185185185185876,3.1321390436757754e-05,891974.5,1362.575947,4748.9969368,0.08399,0.08428,False,False,0,
2026-09-10 21:37:00+00:00,0.08399,0.08399,0.08399,0.08399,1049.5,88.147505,0.0840155218876438,0.0840406835457878,0.0840748276968481,0.0841356429310864,,0.084073,0.0841644549069216,0.084073,0.0839815450930783,29.371007846714534,-4.1972561042366574e-05,-3.469214538562706e-05,-7.280415656739515e-06,11.11111111111215,22.22222222222325,2.908414826270363e-05,891974.5,88.147505,4731.1417784000005,0.08399,0.08428,False,False,0,
2026-09-10 21:38:00+00:00,0.08399,0.08401,0.08398,0.08398,16220.7,1362.516722,0.0840036812584292,0.0840296501738263,0.0840657964876245,0.08412953928673,,0.084067,0.0841660151503561,0.084067,0.0839679848496438,28.539571509212337,-4.43405488071702e-05,-3.662182606993569e-05,-7.71872273723451e-06,0.0,11.851851851852537,2.9149566243939244e-05,875753.8,1362.516722,4718.4014967,0.08398,0.08428,False,False,0,
2026-09-10 21:39:00+00:00,0.08398,0.08398,0.08398,0.08398,0.0,0.0,0.0839957875056194,0.0840206228694943,0.084057625393565,0.0841236750009759,,0.0840625,0.0841684952829141,0.0840625,0.0839565047170858,28.539571509212337,-4.5690504476947336e-05,-3.843556175133802e-05,-7.254942725609316e-06,0.0,3.703703703704045,2.706745436937216e-05,875753.8,0.0,4686.411976400001,0.08398,0.08428,False,False,0,
2026-09-10 21:40:00+00:00,0.08398,0.08408,0.08398,0.08408,5408.2,454.517658,0.0840238583370796,0.0840314187114044,0.0840597563084636,0.0841219622558396,,0.084063,0.0841692261737993,0.084063,0.0839567738262006,46.2018540381062,-3.825026456606706e-05,-3.839850231428383e-05,1.4823774821676996e-07,20.83333333333298,6.944444444444322,3.227692191441721e-05,881162.0,454.517658,4708.03107775,0.08398,0.08428,True,False,1,RSI cross up 30
2026-09-10 21:41:00+00:00,0.08408,0.0841,0.08405,0.08405,55078.0,4630.571499,0.0840325722247197,0.0840347971275127,0.0840588271362289,0.084119140206591,,0.084061,0.0841666219674123,0.084061,0.0839553780325876,42.785347812325085,-3.4378278714913835e-05,-3.759445759440983e-05,3.216178879495998e-06,35.41666666666577,18.749999999999577,3.354285606338702e-05,826084.0,4630.571499,4910.0816395,0.08398,0.08428,False,False,0,
2026-09-10 21:42:00+00:00,0.08405,0.08409,0.08395,0.08403,953895.2,80107.503886,0.0840317148164798,0.0840339249225104,0.0840560816946833,0.0841156445122149,,0.084058,0.0841635651457634,0.084058,0.0839524348542365,40.62837019738047,-3.254833790601597e-05,-3.6585233656731065e-05,4.036895750715098e-06,49.45175438596274,35.23391812865382,4.114693777314518e-05,-127811.19999999995,80107.503886,8810.0535485,0.08395,0.08428,False,False,0,
2026-09-10 21:43:00+00:00,0.08403,0.08414,0.08401,0.08404,147032.8,12358.207168,0.0840344765443199,0.0840350294820539,0.0840545501047135,0.0841126780607555,,0.0840555,0.0841602807234182,0.0840555,0.0839507192765817,42.19747541316335,-2.9945981569606817e-05,-3.525738323930622e-05,5.311401669699404e-06,44.40789473684068,43.09210526315639,4.749358507506375e-05,19221.600000000035,12358.207168,9427.9639069,0.08395,0.08428,False,False,0,
2026-09-10 21:44:00+00:00,0.08404,0.08414,0.08404,0.08413,80032.6,6731.666982,0.0840663176962132,0.0840522968489532,0.0840617358090265,0.0841133573524905,,0.0840575,0.084166288786187,0.0840575,0.0839487112138129,53.98450527053026,-2.0386346473361128e-05,-3.2283175886117203e-05,1.1896829412756076e-05,61.40350877192727,51.75438596491023,5.124404328398797e-05,99254.20000000004,6731.666982,9764.547256,0.08395,0.08428,True,False,1,EMA5 cross up EMA20
2026-09-10 21:45:00+00:00,0.08413,0.08413,0.08413,0.08413,13177.3,1108.606249,0.0840875451308088,0.0840664246945981,0.0840682371605478,0.084114010005334,,0.0840595,0.0841720122215585,0.0840595,0.0839469877784414,53.98450527053026,-1.2664280839846942e-05,-2.835939687686315e-05,1.569511603701621e-05,78.94736842104969,61.58625730993921,4.758375447798884e-05,99254.20000000004,1108.606249,9817.76150375,0.08395,0.08428,False,False,0,
2026-09-10 21:46:00+00:00,0.08413,0.08418,0.08413,0.08418,582.3,49.013394,0.0841183634205392,0.0840870747501257,0.0840788812404956,0.0841165978482621,,0.084064,0.0841876769986701,0.084064,0.0839403230013298,59.32826733350007,-2.481303140178248e-06,-2.318377812952617e-05,2.070247498934792e-05,96.49122807017211,78.94736842104969,4.775634344384737e-05,99836.50000000004,49.013394,9820.21217345,0.08395,0.08428,False,False,0,
2026-09-10 21:47:00+00:00,0.08418,0.0842,0.08418,0.08419,1494.5,125.827985,0.0841422422803595,0.084105788431921,0.084089463979496,0.0841194763640166,,0.084067,0.0841995292420564,0.084067,0.0839344707579436,60.32074603127544,6.322811047745902e-06,-1.728246029407176e-05,2.3605271341817666e-05,96.91228070175325,90.78362573099167,4.577374748357201e-05,101331.00000000004,125.827985,9826.40387865,0.08395,0.08428,False,False,0,
2026-09-10 21:48:00+00:00,0.08419,0.08424,0.08419,0.08421,23590.1,1987.032802,0.0841648281869063,0.0841247359897535,0.0841009436004964,0.0841230263105257,,0.0840709999999999,0.084215208182847,0.0840709999999999,0.0839267918171529,62.302092577986045,1.4744008077646751e-05,-1.087716661972806e-05,2.5621174697374813e-05,95.21839080459796,96.2072998588411,4.607562266331648e-05,124921.10000000003,1987.032802,9925.75551875,0.08395,0.08428,False,False,0,
2026-09-10 21:49:00+00:00,0.08421,0.08421,0.08418,0.08418,8633.7,726.816248,0.0841698854579375,0.0841347839916165,0.0841084727814015,0.084125260572858,,0.084073,0.0842220100667741,0.084073,0.0839239899332258,57.6517457004312,1.8780626741224386e-05,-4.945607947537572e-06,2.3726234688761957e-05,88.32183908046106,93.48417019560408,4.4927363901650186e-05,116287.40000000004,726.816248,9920.353635750002,0.08395,0.08428,False,False,0,
2026-09-10 21:50:00+00:00,0.08418,0.08418,0.08418,0.08418,0.0,0.0,0.0841732569719583,0.0841430050840499,0.0841152848974585,0.0841274072170597,,0.0840755,0.0842298340532741,0.0840755,0.0839211659467258,57.65174570043119,2.172919547488439e-05,3.893527369468199e-07,2.1339842737937567e-05,82.75862068965701,88.76628352490532,4.171826648010375e-05,116287.40000000004,0.0,9903.45696655,0.08395,0.08428,False,False,0,
2026-09-10 21:51:00+00:00,0.08418,0.08418,0.08418,0.08418,0.0,0.0,0.0841755046479722,0.0841497314324044,0.0841214482405577,0.0841294696791358,,0.0840809999999999,0.0842418601877408,0.0840809999999999,0.0839201398122591,57.65174570043119,2.37917015143696e-05,5.069822492431377e-06,1.8721879021938225e-05,79.31034482758935,83.46360153256911,3.873839030295348e-05,116287.40000000004,0.0,9876.1729544,0.08395,0.08428,False,False,0,
2026-09-10 21:52:00+00:00,0.08418,0.08418,0.08418,0.08418,0.0,0.0,0.0841770030986481,0.0841552348083309,0.0841270245985998,0.0841314512603461,,0.0840905,0.0842511829175738,0.0840905,0.0839298170824262,57.65174570043119,2.5136494547994825e-05,9.083156903544066e-06,1.605333764445076e-05,79.31034482758935,80.45977011494523,3.597136242417109e-05,116287.40000000004,0.0,9861.07193555,0.08395,0.08428,False,False,0,
2026-09-10 21:53:00+00:00,0.08418,0.08418,0.08418,0.08418,0.0,0.0,0.0841780020657654,0.0841597375704525,0.0841320698749236,0.0841333551324894,,0.0840984999999999,0.0842602745344608,0.0840984999999999,0.0839367254655391,57.65174570043119,2.590365154529761e-05,1.2447255831894777e-05,1.3456395713402836e-05,79.31034482758935,79.31034482758935,3.340197939387316e-05,116287.40000000004,0.0,9848.3146076,0.08395,0.08428,False,False,0,
2026-09-10 21:54:00+00:00,0.08418,0.08418,0.08409,0.08409,15760.3,1325.779174,0.0841486680438436,0.0841470580121884,0.084128063220169,0.0841316549312153,,0.0841005,0.0842608090764742,0.0841005,0.0839401909235257,43.53177581239194,1.903001498709811e-05,1.3763807662935443e-05,5.266207324162666e-06,68.96551724138163,75.86206896552011,3.744469515145413e-05,100527.10000000003,1325.779174,5623.7544397500005,0.08395,0.08428,False,False,0,
2026-09-10 21:55:00+00:00,0.08409,0.08409,0.08407,0.08407,89.2,7.499044,0.0841224453625624,0.0841330474645178,0.0841225333896767,0.0841292370907755,,0.084102,0.0842605685971433,0.084102,0.0839434314028566,41.12152262982589,1.1832379336246255e-05,1.3377521997597608e-05,-1.5451426613513496e-06,56.32183908046215,68.1992337164777,3.619864549777829e-05,100437.90000000004,7.499044,5621.31411315,0.08395,0.08428,False,True,-1,EMA5 cross down EMA20
2026-09-10 21:56:00+00:00,0.08407,0.08407,0.08404,0.08404,14631.1,1230.030327,0.0840949635750416,0.0841161297436964,0.0841146730668504,0.0841257375970196,,0.0841045,0.0842574019293534,0.0841045,0.0839515980706465,37.74555667510912,3.665201782604433e-06,1.1435057954598971e-05,-7.769856171994539e-06,34.23288355822265,53.17341329335547,3.5755885105079994e-05,85806.80000000003,1230.030327,5614.68683215,0.08395,0.08428,False,False,0,
2026-09-10 21:57:00+00:00,0.08404,0.08408,0.08404,0.08408,3102.1,260.804814,0.0840899757166944,0.0841095606993879,0.0841113708700075,0.0841239439657639,,0.084109,0.0842532081828469,0.084109,0.083964791817153,44.31042736672978,4.155304595548914e-07,9.231152455590156e-06,-8.815621996035265e-06,24.807596201900594,38.45410628019513,3.605903616900273e-05,88908.90000000004,260.804814,5623.3196976,0.08395,0.08428,False,False,0,
2026-09-10 21:58:00+00:00,0.08408,0.08408,0.08403,0.08405,21000.9,1764.780741,0.0840766504777962,0.0840987314813174,0.0841055260252448,0.0841210442024006,,0.0841125,0.0842470919759867,0.0841125,0.0839779080240132,40.83259422425665,-4.528406109316485e-06,6.479240742608829e-06,-1.1007646851925312e-05,14.189095928227752,24.409858562783658,3.705481929978885e-05,67908.00000000003,1764.780741,5643.432898550001,0.08395,0.08428,False,False,0,
2026-09-10 21:59:00+00:00,0.08405,0.08405,0.08404,0.08405,1408.4,118.36253,0.0840677669851975,0.0840898712119869,0.0841002378323644,0.0841182581552477,,0.084116,0.0842398386046433,0.084116,0.0839921613953566,40.832594224256646,-8.350254918437772e-06,3.513341610399509e-06,-1.186359652883728e-05,13.015873015874911,17.337521715334407,3.512233220694651e-05,67908.00000000003,118.36253,5649.35102505,0.08395,0.08428,False,False,0,
2026-09-10 22:00:00+00:00,0.08405,0.0841,0.08397,0.08397,59464.1,4996.774996,0.0840351779901317,0.0840680764461711,0.084087834229282,0.0841124441099438,,0.0841105,0.0842491326079968,0.0841105,0.0839718673920031,32.856914886390456,-1.7631187690034245e-05,-7.155642496872417e-07,-1.6915623440347002e-05,6.349206349208246,11.184725097770295,4.189930847787828e-05,8443.90000000003,4996.774996,5876.46389195,0.08395,0.08428,False,False,0,
2026-09-10 22:01:00+00:00,0.08397,0.08405,0.08397,0.08405,5324.1,447.459071,0.0840401186600878,0.0840647898195945,0.0840842309693504,0.0841099953213186,,0.0841105,0.0842491326079968,0.0841105,0.0839718673920031,44.525957153563326,-1.831988216705049e-05,-4.236427833159892e-06,-1.4083454333890602e-05,13.051146384480544,10.805408583187893,4.462078644374389e-05,13768.000000000033,447.459071,5667.30827055,0.08395,0.08427,False,False,0,
2026-09-10 22:02:00+00:00,0.08405,0.08406,0.08395,0.08395,86349.5,7252.962031,0.0840100791067252,0.0840439189433046,0.0840714470675075,0.0841037209949924,,0.0841065,0.084258193770472,0.0841065,0.0839548062295279,36.08399767840244,-2.662789200325033e-05,-8.71472066717798e-06,-1.791317133607235e-05,9.876543209876424,9.75896531452173,4.929073026919068e-05,-72581.49999999997,7252.962031,2024.5811778,0.08395,0.08427,False,False,0,
2026-09-10 22:03:00+00:00,0.08395,0.08408,0.08395,0.08405,18282.8,1536.581693,0.0840233860711501,0.0840450245899765,0.0840694044896497,0.0841016142893064,,0.084107,0.0842578774337003,0.084107,0.0839561225662996,46.921585379639104,-2.485635678087239e-05,-1.1943047889916864e-05,-1.2913308890955528e-05,24.369296833064748,15.765662142473898,5.5055678107106e-05,-54298.69999999997,1536.581693,1483.49990405,0.08395,0.08424,False,False,0,
2026-09-10 22:04:00+00:00,0.08405,0.08411,0.08405,0.08411,22628.1,1903.12809,0.0840522573807667,0.0840568383008899,0.0840732707287306,0.0841019431407061,,0.084106,0.0842565191017778,0.084106,0.0839554808982221,52.16272128288546,-1.839881372310559e-05,-1.323420105655461e-05,-5.164612666550979e-06,37.68115942029005,23.975666487743734,5.540884395659875e-05,-31670.59999999997,1903.12809,1242.07295945,0.08395,0.08424,False,False,0,
2026-09-10 22:05:00+00:00,0.08411,0.08411,0.08408,0.08408,17799.8,1496.959018,0.0840615049205111,0.0840610495189099,0.0840739116117087,0.0841010826253843,,0.0841035,0.0842540024916738,0.0841035,0.0839529975083262,49.52927688196106,-1.5522974418896718e-05,-1.3691955729023032e-05,-1.831018689873686e-06,56.52173913043506,39.52406512792994,5.359392653112757e-05,-49470.399999999965,1496.959018,1261.4905979,0.08395,0.08424,False,False,0,
2026-09-10 22:06:00+00:00,0.08408,0.08408,0.08406,0.08407,34632.3,2911.735022,0.0840643366136741,0.0840626768791081,0.0840735390772602,0.0840998636988987,,0.0840979999999999,0.0842449149413777,0.0840979999999999,0.0839510850586222,48.64764125841425,-1.3890644771211158e-05,-1.373169353746066e-05,-1.5895123375049925e-07,59.42028985507352,51.20772946859953,5.119436035033318e-05,-84102.69999999997,2911.735022,1404.6266793,0.08395,0.08424,False,False,0,
2026-09-10 22:07:00+00:00,0.08407,0.08407,0.08404,0.08407,5601.0,470.723185,0.0840662244091161,0.0840640083556339,0.084073202022283,0.0840986925734517,,0.084092,0.0842330815367084,0.084092,0.0839509184632915,48.64764125841425,-1.2453456075478542e-05,-1.3476046045064237e-05,1.022589969585695e-06,53.6231884057986,56.52173913043572,4.968047746816669e-05,-84102.69999999997,470.723185,1421.8714393,0.08395,0.08424,False,False,0,
2026-09-10 22:08:00+00:00,0.08407,0.08407,0.08407,0.08407,0.0,0.0,0.0840674829394107,0.0840650977455186,0.0840728970677799,0.0840975673744928,,0.084085,0.0842154607220585,0.084085,0.0839545392779414,48.64764125841425,-1.1185533808744095e-05,-1.301794359780021e-05,1.8324097890561128e-06,59.78260869565431,57.60869565217547,4.613187193472621e-05,-84102.69999999997,0.0,1322.5197992,0.08395,0.08424,False,False,0,
2026-09-10 22:09:00+00:00,0.08407,0.08415,0.08407,0.08415,47560.0,4002.10266,0.0840949886262738,0.0840805345190607,0.0840802402041818,0.0840996235558852,,0.0840835,0.084210192541217,0.0840835,0.0839568074587829,56.40187657395787,-3.6829105649061056e-06,-1.1150936991221393e-05,7.468026426315285e-06,75.72463768116086,63.04347826087125,4.85510239393884e-05,-36542.69999999997,4002.10266,1486.2841198,0.08395,0.08424,True,False,1,EMA5 cross up EMA20
2026-09-10 22:10:00+00:00,0.08415,0.08421,0.08413,0.08419,303744.2,25570.020526,0.0841266590841825,0.0841004373337769,0.0840906935180693,0.0841031677301642,,0.084084,0.0842122809416867,0.084084,0.0839557190583132,59.68019887948376,5.4280667408368455e-06,-7.835136244809744e-06,1.326320298564659e-05,89.1025641025658,74.86993682646032,5.0797379372289e-05,267201.50000000006,25570.020526,2764.7851461,0.08395,0.08424,False,False,0,
2026-09-10 22:11:00+00:00,0.08419,0.08419,0.08419,0.08419,0.0,0.0,0.0841477727227883,0.0841167214549084,0.0841001512782531,0.0841065729172166,,0.0840845,0.0842143422119344,0.0840845,0.0839546577880655,59.68019887948376,1.2504438513250005e-05,-3.767221293197795e-06,1.62716598064478e-05,94.8717948717968,86.56633221850781,4.7168995131411214e-05,267201.50000000006,0.0,2764.7851461,0.08395,0.08424,False,False,0,
2026-09-10 22:12:00+00:00,0.08419,0.08419,0.08412,0.08412,70981.1,5973.313674,0.0841385151485255,0.0841173175540159,0.0841020416327052,0.0841070994694826,,0.0840815,0.0842049949391677,0.0840815,0.0839580050608323,51.778180228756106,1.2322058123959144e-05,-5.493654097664072e-07,1.2871423533725551e-05,83.333333333336,89.10256410256619,4.8799781193453314e-05,196220.40000000005,5973.313674,3063.4508298,0.08395,0.08424,False,False,0,
2026-09-10 22:13:00+00:00,0.08412,0.08412,0.08407,0.08407,17.5,1.471225,0.0841156767656837,0.0841087143623766,0.084098990048638,0.0841056445883264,,0.084076,0.0841909608629057,0.084076,0.0839610391370942,46.99200682995976,8.050141202170513e-06,1.1705359126209769e-06,6.8796052895495365e-06,67.94871794872104,82.0512820512846,4.888551110820626e-05,196202.90000000005,1.471225,3063.52439105,0.08395,0.08424,False,False,0,
2026-09-10 22:14:00+00:00,0.08407,0.08417,0.08403,0.08416,314606.3,26455.692516,0.0841304511771225,0.0841180390237627,0.0841048005201963,0.084107776173098,,0.0840795,0.0842000777757301,0.0840795,0.0839589222242698,55.046879486618224,1.1790945423542644e-05,3.29461781480531e-06,8.496327608737333e-06,64.10256410256684,71.79487179487462,5.539368888619162e-05,510809.20000000007,26455.692516,4320.02005815,0.08395,0.08424,False,False,0,
2026-09-10 22:15:00+00:00,0.08416,0.08422,0.08414,0.0842,151030.8,12714.438336,0.0841536341180816,0.0841329410194422,0.0841138671373205,0.0841113927937608,,0.084086,0.0842173620949895,0.084086,0.0839546379050104,58.09469377121411,1.7778288384159846e-05,6.1913519286762176e-06,1.1586936455483628e-05,73.17188983855779,68.40772396328188,5.71512825371777e-05,661840.0,12714.438336,4955.36702275,0.08395,0.08424,False,False,0,
2026-09-10 22:16:00+00:00,0.0842,0.08422,0.0842,0.08422,1805.6,152.067632,0.0841757560787211,0.0841487699249981,0.0841239750290042,0.0841156518998878,,0.084095,0.0842367744687876,0.084095,0.0839532255312123,59.5706717197521,2.3862066619584343e-05,9.725494866857842e-06,1.41365717527265e-05,91.12060778727437,76.13168724279966,5.44976194988083e-05,663645.6,152.067632,4901.468888,0.08395,0.08424,False,False,0,
2026-09-10 22:17:00+00:00,0.08422,0.08422,0.0842,0.08421,84558.2,7121.121284,0.0841871707191474,0.0841599026659075,0.0841321678833848,0.0841193518253824,,0.0841015,0.0842516032977653,0.0841015,0.0839513967022346,58.46190921146985,2.7558906358235435e-05,1.329217716513336e-05,1.4266729193102076e-05,95.77647823261624,86.68965861948278,5.203350382032243e-05,579087.4,7121.121284,5244.484711499999,0.08395,0.08424,False,False,0,
2026-09-10 22:18:00+00:00,0.08421,0.08421,0.08419,0.08419,36993.1,3114.818129,0.0841881138127649,0.0841653749084698,0.0841376757040148,0.0841221223420341,,0.0841085,0.0842613757665557,0.0841085,0.0839556242334442,56.2085865793045,2.8545787562492264e-05,1.634289924460514e-05,1.2202888317887123e-05,92.98245614034909,93.29318072007987,4.974539640458456e-05,542094.3,3114.818129,5311.986580899999,0.08395,0.08424,False,False,0,
2026-09-10 22:19:00+00:00,0.08419,0.08425,0.08419,0.08425,79374.5,6686.677033,0.0842087425418433,0.084180761288748,0.0841483732560134,0.0841271371521504,,0.0841185,0.0842806449968393,0.0841185,0.0839563550031607,61.05785468209666,3.3780001753150324e-05,1.9830319746314175e-05,1.3949682006836146e-05,92.98245614034909,93.91379683777149,5.04778680899717e-05,621468.8,6686.677033,5640.402306049999,0.08395,0.08425,False,False,0,
2026-09-10 22:20:00+00:00,0.08425,0.08427,0.08425,0.08427,12896.1,1086.754347,0.0842291616945622,0.0841969865089756,0.0841599567554407,0.084132739616772,,0.0841335,0.0842934093493201,0.0841335,0.0839735906506798,62.54667089118736,3.909136612756381e-05,2.3682529022564106e-05,1.5408837104999704e-05,94.73684210526304,93.56725146198706,4.830087751211603e-05,634364.9,1086.754347,5444.9012736,0.08395,0.08427,False,False,0,
2026-09-10 22:21:00+00:00,0.08427,0.08428,0.08422,0.08428,94005.0,7919.071086,0.0842461077963748,0.08421207987098,0.0841713894453987,0.0841385145337613,,0.084145,0.0843121526248672,0.084145,0.0839778473751328,63.30213988388556,4.360492663597893e-05,2.766700854524707e-05,1.5937918090731853e-05,100.0,95.90643274853736,4.913652911839279e-05,728369.9,7919.071086,5818.48187435,0.08395,0.08428,False,False,0,
2026-09-10 22:22:00+00:00,0.08428,0.08428,0.0842,0.0842,1923.9,162.012867,0.0842307385309165,0.0842098835308018,0.0841741142601226,0.0841409257285158,,0.0841575,0.0843000306984476,0.0841575,0.0840149693015523,53.93013704652984,4.026250336892912e-05,3.018610750998348e-05,1.0076395858945632e-05,89.33333333333378,94.69005847953228,5.134106275279308e-05,726446.0,162.012867,5463.934416149999,0.08395,0.08428,False,False,0,
2026-09-10 22:23:00+00:00,0.0842,0.0842,0.08416,0.08416,178.2,14.999985,0.084207159020611,0.0842008137979288,0.0841727700448728,0.0841416737391622,,0.084163,0.0842967310734271,0.084163,0.0840292689265728,49.94824958991876,3.3994080542970595e-05,3.0947702116580906e-05,3.046378426389689e-06,73.33333333333445,87.55555555555607,5.053098684187917e-05,726267.8,14.999985,5387.85533075,0.08395,0.08428,False,False,0,
2026-09-10 22:24:00+00:00,0.08416,0.08416,0.08416,0.08416,89.2,7.507072,0.084191439347074,0.0841933931073962,0.0841715538501231,0.0841423924160578,,0.0841655,0.084297025662895,0.0841655,0.0840339743371049,49.94824958991876,2.869552612898285e-05,3.04972669190613e-05,-1.801740790078448e-06,57.33333333333511,73.33333333333444,4.69216306388878e-05,726267.8,7.507072,5293.07427985,0.08395,0.08428,False,False,0,
2026-09-10 22:25:00+00:00,0.08416,0.08417,0.08415,0.08415,267.4,22.504383,0.0841776262313827,0.084185503451506,0.0841695011024923,0.084142690752683,0.0841527472821347,0.084169,0.0842948411697338,0.084169,0.0840431588302661,48.90139094246392,2.3419501717691915e-05,2.9081713878787425e-05,-5.66221216109551e-06,50.66666666666919,60.44444444444624,4.499865702182383e-05,726000.4,22.504383,5219.3515481,0.08395,0.08428,False,False,0,
2026-09-10 22:26:00+00:00,0.08415,0.08417,0.08415,0.08415,41615.5,3502.774851,0.0841684174875884,0.0841790482785049,0.0841676438546359,0.0841429773898327,0.0841526928805083,0.084173,0.0842908303865731,0.084173,0.0840551696134268,48.90139094246392,1.901897544995257e-05,2.706916619302045e-05,-8.050190743067885e-06,49.33333333333638,52.44444444444688,4.321303866312158e-05,726000.4,3502.774851,5248.90353955,0.08395,0.08428,False,False,0,
2026-09-10 22:27:00+00:00,0.08415,0.08415,0.08415,0.08415,0.0,0.0,0.0841622783250589,0.0841737667733222,0.0841659634875277,0.0841432527863098,0.0841526395561418,0.084177,0.0842856462148442,0.084177,0.0840683537851557,48.90139094246392,1.5354529223660096e-05,2.4726238799148384e-05,-9.371709575488287e-06,48.00000000000355,49.33333333333636,4.012639304432718e-05,726000.4,0.0,5225.3673803,0.08395,0.08428,False,True,-1,EMA5 cross down EMA20
2026-09-10 22:28:00+00:00,0.08415,0.08415,0.08412,0.08412,178.4,15.0079,0.0841481855500393,0.0841639909963545,0.084161586012525,0.0841423409123369,0.0841519932282974,0.0841795,0.0842801926015155,0.0841795,0.0840788073984844,45.34072267300905,9.915381562336512e-06,2.176406735178601e-05,-1.18486857894495e-05,32.00000000000237,43.1111111111141,3.940307925544683e-05,725822.0,15.0079,5226.117775299999,0.08395,0.08428,False,False,0,
2026-09-10 22:29:00+00:00,0.08412,0.08412,0.08407,0.08407,279.4,23.49207,0.0841221237000262,0.08414690172429,0.0841528635351417,0.0841395040138139,0.0841503696000143,0.0841754999999999,0.0842864008566241,0.0841754999999999,0.0840645991433758,40.10003277198503,1.5523412970619432e-06,1.7721722140841196e-05,-1.6169380843779253e-05,16.00000000000119,32.000000000002366,4.016000216577167e-05,725542.6,23.49207,5027.1872458,0.08395,0.08428,False,False,0,
2026-09-10 22:30:00+00:00,0.08407,0.08407,0.08406,0.08406,23186.5,1949.287271,0.0841014158000174,0.0841311014107827,0.0841440193889377,0.0841363862093506,0.0841485801029843,0.084169,0.0842904742771123,0.084169,0.0840475257228876,39.12598558966288,-5.815309523857226e-06,1.3014315807901512e-05,-1.8829625331758735e-05,0.0,16.00000000000118,3.800571629678869e-05,702356.1,1949.287271,3846.15058305,0.08395,0.08428,False,False,0,
2026-09-10 22:31:00+00:00,0.08406,0.08408,0.08406,0.08406,86201.8,7247.098744,0.0840876105333449,0.0841181738815495,0.0841360175423722,0.084133390671729,0.084146826041539,0.0841625,0.0842924038105676,0.0841625,0.0840325961894323,39.12598558966288,-1.152141418954422e-05,8.107169808412366e-06,-1.9628583997956587e-05,0.0,5.33333333333372,3.671959370416137e-05,702356.1,7247.098744,4208.50552025,0.08395,0.08428,False,False,0,
2026-09-10 22:32:00+00:00,0.08406,0.08406,0.0839,0.08391,105970.8,8896.847392,0.08402840702223,0.0840803240849041,0.0841144920621463,0.0841246302532298,0.0841421364169541,0.084152,0.0843217763234376,0.084152,0.0839822236765623,27.503785182035884,-2.7826522811497112e-05,9.2043128443047e-07,-2.874695409592758e-05,0.8771929824558247,0.2923976608185987,4.5525337011006526e-05,596385.2999999999,8896.847392,4354.68220615,0.0839,0.08428,False,False,0,
2026-09-10 22:33:00+00:00,0.08391,0.08393,0.0838,0.08387,29254.8,2453.777811,0.0839756046814866,0.0840420833421943,0.0840912071038466,0.0841146447531032,0.0841367475770144,0.084142,0.084349325830518,0.084142,0.0839346741694819,25.34197782039536,-4.3474952383548704e-05,-7.958645449165365e-06,-3.5516306934383336e-05,5.738304093567035,2.205165692007611,5.155924151022072e-05,567130.4999999999,2453.777811,4477.29753545,0.0838,0.08428,False,False,0,
2026-09-10 22:34:00+00:00,0.08387,0.08393,0.08387,0.08391,36558.5,3067.647953,0.0839537364543244,0.084018068189068,0.0840739492844327,0.0841066194686678,0.0841322575259844,0.0841295,0.0843598453928343,0.0841295,0.0838991546071656,31.1683396675718,-5.2048793759001954e-05,-1.6776675111132684e-05,-3.527211864786927e-05,13.377192982455943,6.664230019492926,5.216215283091956e-05,603688.9999999999,3067.647953,3307.8953073,0.0838,0.08428,True,False,1,RSI cross up 30
2026-09-10 22:35:00+00:00,0.08391,0.08391,0.08391,0.08391,24965.3,2094.838323,0.0839391576362163,0.0839984194274193,0.0840583350668676,0.084098908901269,0.084127856386856,0.084115,0.0843616981961831,0.084115,0.0838683018038168,31.1683396675718,-5.817304220119557e-05,-2.505594852914526e-05,-3.311709367205031e-05,20.138888888889035,13.08479532163733,4.8436284771568165e-05,603688.9999999999,2094.838323,2776.9153066500003,0.0838,0.08428,False,False,0,
2026-09-10 22:36:00+00:00,0.08391,0.08391,0.08382,0.08384,17302.9,1450.855582,0.0839061050908108,0.0839696158951612,0.0840375412509755,0.0840887556110232,0.0841221562603836,0.084096,0.0843649535275842,0.084096,0.0838270464724157,26.90659751351265,-6.789234747982265e-05,-3.362322831928074e-05,-3.426911916054191e-05,18.61111111111104,17.375730994151997,5.14051215735985e-05,586386.0999999999,1450.855582,2841.85470415,0.0838,0.08428,False,False,0,
2026-09-10 22:37:00+00:00,0.08384,0.08384,0.08379,0.08379,9626.3,806.766927,0.0838674033938739,0.0839369584596774,0.0840139658937397,0.0840770397047086,0.0841155789086929,0.084075,0.0843694486372867,0.084075,0.0837805513627132,24.34591224961017,-7.87220898208485e-05,-4.264300061959429e-05,-3.60790892012542e-05,10.97222222222213,16.57407407407406,5.13047557469125e-05,576759.7999999998,806.766927,2526.1369863,0.08379,0.08428,False,False,0,
2026-09-10 22:38:00+00:00,0.08379,0.08382,0.08373,0.08375,293233.7,24561.784096,0.0838282689292492,0.0839029660124633,0.0839888262848121,0.0840642146182494,0.0841083397223821,0.084053,0.0843743160437949,0.084053,0.083731683956205,22.50100708478344,-8.950069604450606e-05,-5.201453970457665e-05,-3.7486156339929406e-05,4.848484848485216,11.477272727272783,5.406870176499066e-05,283526.0999999998,24561.784096,3598.48528465,0.08373,0.08428,False,False,0,
2026-09-10 22:39:00+00:00,0.08375,0.08382,0.08375,0.08378,29482.5,2470.799952,0.0838121792861661,0.0838806085556518,0.083968938067211,0.0840530689469455,0.0841018379457013,0.0840295,0.0843584057615793,0.0840295,0.0837005942384206,26.970829885581765,-9.453235965511952e-05,-6.051810369468523e-05,-3.4014255960434295e-05,5.303030303030403,7.041245791245907,5.520665163891995e-05,313008.5999999998,2470.799952,3387.6914306,0.08373,0.08428,False,False,0,
2026-09-10 22:40:00+00:00,0.08378,0.08378,0.08371,0.08372,115715.2,9693.443557,0.0837814528574441,0.0838514070000787,0.0839452296798576,0.0840400074196143,0.0840942767982616,0.084002,0.0843377737333385,0.084002,0.0836662262666614,23.990598346762127,-0.000102183579183,-6.885119879235352e-05,-3.3332380390673155e-05,6.060606060605874,5.404040404040489,5.626331937899615e-05,197293.3999999998,9693.443557,3818.0258911,0.08371,0.08428,False,False,0,
2026-09-10 22:41:00+00:00,0.08372,0.08372,0.08367,0.08371,222539.1,18625.361902,0.0837576352382961,0.083825696636428,0.0839228268532045,0.0840270659521785,0.0840866673567119,0.0839735,0.0843068031653016,0.0839735,0.0836401968346983,23.52404518752965,-0.000107811359962,-7.664323102629749e-05,-3.116812893577587e-05,7.323232323232463,6.228956228956236,5.581593942335417e-05,-25245.70000000021,18625.361902,4353.340431899999,0.08367,0.08428,False,False,0,
2026-09-10 22:42:00+00:00,0.08371,0.08372,0.08364,0.08369,36783.6,3078.197764,0.083735090158864,0.0838010245207138,0.083900652867185,0.084013847679544,0.0840788125575691,0.083948,0.084286088745746,0.083948,0.0836099112542539,22.5783170697258,-0.0001125874120258,-8.383206722620626e-05,-2.875534479963507e-05,7.007575757575938,6.797138047138081,5.7543372321685785e-05,-62029.30000000021,3078.197764,4499.149676749999,0.08364,0.08428,False,False,0,
2026-09-10 22:43:00+00:00,0.08369,0.08369,0.08369,0.08369,14558.4,1218.392496,0.0837200601059093,0.0837808382442204,0.0838805906893578,0.0840011477705423,0.0840711132990034,0.0839245,0.0842657022860417,0.0839245,0.0835832977139582,22.5783170697258,-0.0001150462857279,-9.007491092655476e-05,-2.4971374801394065e-05,10.037878787878872,8.122895622895749,5.343313144156538e-05,-62029.30000000021,1218.392496,4559.319302299999,0.08364,0.08428,False,False,0,
2026-09-10 22:44:00+00:00,0.08369,0.08371,0.08369,0.08371,16587.8,1388.455731,0.0837167067372729,0.083767958563453,0.083864343957038,0.0839897302109132,0.0840639625406073,0.083902,0.0842374161594201,0.083902,0.0835665838405799,26.02733102613027,-0.0001140662433495,-9.487317741114446e-05,-1.9193065938358757e-05,12.56313131313069,9.86952861952849,5.104505062431115e-05,-45441.50000000022,1388.455731,4628.36673525,0.08364,0.08428,False,False,0,
2026-09-10 22:45:00+00:00,0.08371,0.08373,0.0837,0.08373,64061.8,5362.913826,0.0837211378248486,0.0837610570064616,0.083851549294463,0.083979544712446,0.0840573494209913,0.083881,0.084204041792962,0.083881,0.0835579582070379,29.41372357759343,-0.0001104030620746,-9.797915434385031e-05,-1.2423907730823436e-05,16.23376623376556,12.944925444925031,4.95418327225748e-05,18620.299999999785,5362.913826,4895.3872074,0.08364,0.08428,False,False,0,
2026-09-10 22:46:00+00:00,0.08373,0.08378,0.08373,0.08378,14900.2,1248.010456,0.0837407585498991,0.0837645011871049,0.0838447350759427,0.083971719429605,0.0840518573532489,0.0838625,0.0841634235783386,0.0838625,0.0835615764216613,37.1589502907656,-0.0001022862897131,-9.884058141771846e-05,-3.4457082954725173e-06,28.53784146887428,19.1115796719235,4.957455895667621e-05,33520.49999999978,1248.010456,4782.64898765,0.08364,0.08428,True,False,1,RSI cross up 30
2026-09-10 22:47:00+00:00,0.08378,0.08385,0.08378,0.08384,155531.3,13037.225214,0.083773839033266,0.0837782282439949,0.0838442841163291,0.0839665539617773,0.084047662158135,0.0838469999999999,0.0841174884470733,0.0838469999999999,0.0835765115529266,44.96322847815686,-8.997501461842361e-05,-9.70674680578595e-05,7.092453439435894e-06,46.22331691296949,30.331641538536434,5.103351903119938e-05,189051.79999999976,13037.225214,5434.51024835,0.08364,0.08428,False,False,0,
2026-09-10 22:48:00+00:00,0.08384,0.08385,0.08382,0.08385,26727.4,2240.786909,0.0837992260221773,0.0837912776541776,0.0838448284862025,0.0839619832181782,0.0840437480559937,0.0838334999999999,0.0840733562069244,0.0838334999999999,0.0835936437930755,46.16328390386413,-7.850635162830188e-05,-9.3355244771948e-05,1.4848893143646109e-05,65.00638569603791,46.58918135929389,4.953112481468431e-05,215779.19999999972,2240.786909,5545.7991988,0.08364,0.08428,False,False,0,
2026-09-10 22:49:00+00:00,0.08385,0.08386,0.08384,0.08386,35816.7,3003.448346,0.0838194840147849,0.0838037726261453,0.0838462733922785,0.0839579838762889,0.0840401094806275,0.083823,0.0840375786569074,0.083823,0.0836084213430926,47.39846727726578,-6.782855183116998e-05,-8.82499061837924e-05,2.0421354352622413e-05,76.07492550021178,62.43487603640639,4.742175875649301e-05,251595.89999999973,3003.448346,5694.7970126,0.08364,0.08428,False,False,0,
2026-09-10 22:50:00+00:00,0.08386,0.08386,0.08379,0.08381,45814.0,3840.279015,0.0838163226765232,0.0838049048759371,0.08384281878349,0.0839521805870226,0.0840355528572487,0.0838105,0.0839954837830735,0.0838105,0.0836255162169264,42.18672025731996,-6.26783833082567e-05,-8.313560160868526e-05,2.0457218300428557e-05,78.84399551066059,73.30843556897008,4.903449027388641e-05,205781.89999999973,3840.279015,5789.3465998,0.08364,0.08428,False,False,0,
2026-09-10 22:51:00+00:00,0.08381,0.08381,0.08376,0.08376,23903.2,2003.067445,0.0837975484510155,0.0837967403530394,0.0838349312803005,0.0839446440934139,0.084030096365026,0.0837955,0.0839417155942442,0.0837955,0.0836492844057557,37.72012284085032,-6.191767140788229e-05,-7.889201556852466e-05,1.697434416064237e-05,71.09988776655302,75.33960292580845,4.910345525432271e-05,181878.6999999997,2003.067445,5527.145034849999,0.08364,0.08428,False,False,0,
2026-09-10 22:52:00+00:00,0.08376,0.08377,0.08369,0.08369,8004.6,670.188751,0.0837616989673437,0.0837773330161232,0.0838211283012243,0.0839346580505349,0.0840233617835403,0.0837845,0.0839276747184394,0.0837845,0.0836413252815606,32.52773020353028,-6.620010315079583e-05,-7.63536330849789e-05,1.0153529934183066e-05,51.51515151514884,67.15301159745414,5.1310351307585136e-05,173874.09999999971,670.188751,5115.8121028000005,0.08364,0.08428,False,False,0,
2026-09-10 22:53:00+00:00,0.08369,0.08369,0.08367,0.08368,5738.0,480.169487,0.0837344659782291,0.0837596361041008,0.0838076875106315,0.0839246714603179,0.0840165625403019,0.083775,0.0839194299137997,0.083775,0.0836305700862002,31.85315020527439,-6.959858838356814e-05,-7.500262414469675e-05,5.404035761128614e-06,31.81818181818029,51.47774036662738,4.907389764275807e-05,168136.09999999971,480.169487,5017.1316866,0.08364,0.08428,False,False,0,
2026-09-10 22:54:00+00:00,0.08368,0.08369,0.08368,0.08369,139.4,11.666386,0.0837196439854861,0.0837469749942642,0.0837964791762856,0.0839154686579525,0.0840100959553454,0.083764,0.0838988183963716,0.083764,0.0836291816036283,33.341885246792216,-7.067035215985173e-05,-7.413616974772775e-05,3.465817587876017e-06,21.21212121211949,34.84848484848286,4.628290495398936e-05,168275.4999999997,11.666386,4864.332608250001,0.08364,0.08428,False,False,0,
2026-09-10 22:55:00+00:00,0.08369,0.0837,0.08364,0.08364,22075.3,1847.054554,0.083693095990324,0.0837275249953071,0.0837815763975918,0.0839046659654838,0.0840027673225663,0.0837504999999999,0.0838780107838585,0.0837504999999999,0.0836229892161414,29.832609049230044,-7.469329697419591e-05,-7.424759519302138e-05,-4.4570178117452725e-07,13.636363636362685,22.22222222222081,4.726269745727517e-05,146200.19999999972,1847.054554,4851.9434198,0.08364,0.08428,False,False,0,
2026-09-10 22:56:00+00:00,0.08364,0.08371,0.0836,0.08362,181590.7,15195.009701,0.083668730660216,0.0837079749961603,0.0837661881692497,0.0838935025942883,0.0839951877716244,0.0837395,0.0838720858212639,0.0837395,0.083606914178736,28.538692849295387,-7.858941274642428e-05,-7.511595870370197e-05,-3.4734540427223097e-06,10.13986013986006,14.996114996114068,5.1743933353185e-05,-35390.50000000029,15195.009701,5539.15112575,0.0836,0.08428,False,False,0,
2026-09-10 22:57:00+00:00,0.08362,0.08362,0.08361,0.08362,33516.8,2802.668665,0.0836524871068107,0.083691979542313,0.083752265486464,0.0838827770023554,0.0839877583108002,0.083731,0.0838711285124456,0.083731,0.0835908714875543,28.538692849295387,-8.074631926031917e-05,-7.624203081502541e-05,-4.504288445293756e-06,5.128205128206496,9.634809634809736,4.876222382795722e-05,-35390.50000000029,2802.668665,5638.94621265,0.0836,0.08428,False,False,0,
2026-09-10 22:58:00+00:00,0.08362,0.08362,0.08358,0.08358,2930.1,244.926358,0.0836283247378738,0.0836716196255288,0.0837358592496579,0.0838709033944199,0.0839796838888041,0.0837225,0.0838768858801842,0.0837225,0.0835681141198158,25.930033592144724,-8.470690049758312e-05,-7.793500475153695e-05,-6.771895746046164e-06,5.128205128206496,6.798756798757675,4.8136350697388726e-05,-38320.60000000029,244.926358,4423.10332575,0.08358,0.08428,False,False,0,
2026-09-10 22:59:00+00:00,0.08358,0.08358,0.08351,0.08355,60447.7,5049.700935,0.0836022164919158,0.0836495069663417,0.0837181583687381,0.0838583189475799,0.0839711752969466,0.083711,0.0838801035185921,0.083711,0.0835418964814078,24.14725659521284,-8.923776157523933e-05,-8.019555611627743e-05,-9.042205458961895e-06,6.37362637362687,5.543345543346611,4.969803993328958e-05,-98768.30000000028,5049.700935,4552.0483749,0.08351,0.08428,False,False,0,
2026-09-10 23:00:00+00:00,0.08355,0.08356,0.08355,0.08356,335.8,28.057886,0.0835881443279439,0.0836332329724614,0.0837030956669535,0.0838466201653219,0.0839630332118585,0.083703,0.0838843394606815,0.083703,0.0835216605393184,25.97426316882732,-9.097290616227882e-05,-8.235102612547772e-05,-8.621880036801106e-06,8.571428571427816,6.691086691087051,4.686246565234005e-05,-98432.50000000028,28.057886,4068.77909135,0.08351,0.08428,False,False,0,
2026-09-10 23:01:00+00:00,0.08356,0.0836,0.08356,0.08356,18539.4,1549.891747,0.0835787628852959,0.0836199178865593,0.083689467508196,0.0838353801588387,0.0839550523561782,0.0836955,0.083887174202751,0.0836955,0.0835038257972489,25.97426316882732,-9.129562165170746e-05,-8.413994523072366e-05,-7.155676420983795e-06,13.333333333332012,9.42612942612889,4.637228953431565e-05,-98432.50000000028,1549.891747,3215.0055836,0.08351,0.08428,False,False,0,
2026-09-10 23:02:00+00:00,0.08356,0.08356,0.0835,0.08352,472236.2,39441.121224,0.0835591752568639,0.083601750998094,0.0836733277455107,0.0838230123094725,0.083946437458036,0.083687,0.0838934073642103,0.083687,0.0834805926357896,23.36366977593785,-9.3698938668757e-05,-8.605174391833033e-05,-7.647194750426672e-06,11.375661375659528,11.093474426806443,4.7345697424721e-05,-570668.7000000003,39441.121224,5033.1517566,0.0835,0.08428,False,False,0,
2026-09-10 23:03:00+00:00,0.08352,0.08352,0.08342,0.08342,3739.8,312.050744,0.0835127835045759,0.0835687053620769,0.0836492012935573,0.0838072079051794,0.0839360129539165,0.0836735,0.0839104198176605,0.0836735,0.0834365801823395,18.387967216803148,-0.0001024912931559,-8.933965376586064e-05,-1.315163939012118e-05,6.613756613755334,10.440917107582282,5.110671903724114e-05,-574408.5000000003,312.050744,4987.834669,0.08342,0.08428,False,False,0,
2026-09-10 23:04:00+00:00,0.08342,0.08342,0.08333,0.08339,38807.6,3235.782359,0.0834718556697173,0.0835362134780629,0.0836245154560756,0.0837908468108587,0.0839252008162152,0.0836575,0.083923798704466,0.0836575,0.0833912012955339,17.20423196980731,-0.0001106050604248,-9.359273509765206e-05,-1.7012325327165603e-05,6.018518518518166,8.002645502644333,5.388481053458055e-05,-613216.1000000003,3235.782359,5080.2010004,0.08333,0.08428,False,False,0,
2026-09-10 23:05:00+00:00,0.08339,0.0835,0.08339,0.08349,101142.8,8443.449992,0.0834779037798115,0.083527811027506,0.0836117044602589,0.0837790488967074,0.0839165829782703,0.0836455,0.0839191768167023,0.0836455,0.0833718231832977,32.74605767889577,-0.0001077243360864,-9.641905529540964e-05,-1.1305280791030294e-05,16.287878787878768,9.640051306717412,5.789303835353901e-05,-512073.30000000034,8443.449992,5234.2278087,0.08333,0.08428,True,False,1,RSI cross up 30
2026-09-10 23:06:00+00:00,0.08349,0.08349,0.08338,0.08339,149341.9,12465.101814,0.0834486025198743,0.0835027544770503,0.0835905897497581,0.0837637920772286,0.083906155592562,0.083626,0.0839137776919782,0.083626,0.0833382223080217,27.239526183251986,-0.0001122169385439,-9.95786319451259e-05,-1.2638306598864944e-05,21.551036682615926,14.619144663004278,6.161496418542902e-05,-661415.2000000003,12465.101814,5795.0823766,0.08333,0.08428,False,False,0,
2026-09-10 23:07:00+00:00,0.08339,0.08339,0.08329,0.08329,48666.9,4055.984774,0.0833957350132496,0.0834640718448593,0.083561962154543,0.0837452119957687,0.0838939544917192,0.0835984999999999,0.0839038047657674,0.0835984999999999,0.0832931952342325,23.06296434387028,-0.0001224351662409,-0.0001041499388043,-1.8285227436697085e-05,17.3843700159489,18.40776182881452,6.435675245789858e-05,-710082.1000000003,4055.984774,5346.020354599999,0.08329,0.08428,False,False,0,
2026-09-10 23:08:00+00:00,0.08329,0.08333,0.08306,0.08307,167357.4,13923.400159,0.0832871566754997,0.0833924224185213,0.0835151086160151,0.0837187330939739,0.0838776385611901,0.0835595,0.0839205249298876,0.0835595,0.0831984750701123,16.917414747674272,-0.0001465954851917,-0.0001126390480817,-3.395643710996876e-05,5.775978407558177,14.903795035374324,7.904555585376342e-05,-877439.5000000003,13923.400159,5930.1510171,0.08306,0.08428,False,False,0,
2026-09-10 23:09:00+00:00,0.08307,0.08325,0.08307,0.08321,146759.5,12212.925697,0.0832614377836665,0.0833592547060628,0.0834860506525851,0.0836987827765631,0.083864417995622,0.083527,0.0838909835161108,0.083527,0.0831630164838891,29.74669765511338,-0.0001526858150227,-0.0001206484014699,-3.203741355279409e-05,8.205128205129144,10.455158876212064,8.625658757849458e-05,-730680.0000000003,12212.925697,6390.62488465,0.08306,0.08428,False,False,0,
2026-09-10 23:10:00+00:00,0.08321,0.08321,0.08317,0.08317,32651.0,2716.734171,0.0832309585224443,0.0833248447595059,0.0834559505904341,0.0836780461970901,0.0838506671442235,0.083495,0.0838662950309395,0.083495,0.0831237049690604,28.39745981422395,-0.0001589083148616,-0.0001283003841483,-3.060793071333831e-05,14.752747252748074,9.577951288478454,8.295254560860299e-05,-763331.0000000003,2716.734171,6334.44764245,0.08306,0.08428,False,False,0,
2026-09-10 23:11:00+00:00,0.08317,0.08338,0.08309,0.08325,680684.7,56634.353634,0.0832373056816295,0.0833112366214139,0.083436336248488,0.083661260071714,0.083838772745328,0.0834695,0.0838344917807299,0.0834695,0.08310450821927,34.769989685156744,-0.0001555908054492,-0.0001337584684085,-2.183233704073647e-05,25.549450549451336,16.16910866910951,9.774164949370267e-05,-82646.3000000004,56634.353634,9066.0119519,0.08306,0.08428,True,False,1,RSI cross up 30
2026-09-10 23:12:00+00:00,0.08325,0.08336,0.08325,0.08333,46746.2,3894.356049,0.083268203787753,0.0833146481447932,0.0834262089867272,0.0836482694806664,0.0838286980374997,0.0834515,0.0838065929455796,0.0834515,0.0830964070544203,40.47513310511611,-0.0001448367361893,-0.0001359741219646,-8.862614224698417e-06,34.52380952381031,24.94200244200323,9.861724595843811e-05,-35900.1000000004,3894.356049,9227.2203168,0.08306,0.0842,False,False,0,
2026-09-10 23:13:00+00:00,0.08333,0.08333,0.08314,0.08316,60652.0,5049.066498,0.083232135858502,0.0832865303002853,0.0834008557498961,0.0836291216578952,0.0838154564922027,0.0834255,0.0837859705258415,0.0834255,0.0830650294741584,33.72496945349563,-0.0001483218758155,-0.0001384436727348,-9.878203080683024e-06,34.149029982364404,31.407430018542005,0.0001051445855328,-96552.1000000004,5049.066498,9455.66516735,0.08306,0.08417,False,False,0,
2026-09-10 23:14:00+00:00,0.08316,0.08318,0.08289,0.08295,711370.7,59063.440124,0.0831380905723346,0.0832253429729607,0.0833579171070488,0.0836024894360169,0.0837983187398818,0.0833885,0.0837830769886859,0.0833885,0.082993923011314,27.601313034184017,-0.0001661142572797,-0.0001439777896438,-2.213646763589221e-05,25.656407581290427,31.44308236248837,0.000118348543709,-807922.8000000004,59063.440124,12408.25385425,0.08289,0.08417,False,False,0,
2026-09-10 23:15:00+00:00,0.08295,0.08312,0.08285,0.08308,196992.1,16363.39647,0.0831187270482231,0.0831989169778769,0.0833314488111394,0.0835819996542123,0.0837840946064188,0.0833605,0.0837591715440065,0.0833605,0.0829618284559935,35.41891137604124,-0.0001677907469478,-0.0001487403811046,-1.905036584325226e-05,19.78786298035137,26.531100181335397,0.0001291807905869,-610930.7000000004,16363.39647,13134.07095005,0.08285,0.08417,True,False,1,RSI cross up 30
2026-09-10 23:16:00+00:00,0.08308,0.08312,0.0829,0.08303,177525.6,14731.129096,0.0830891513654821,0.0831682048000811,0.0833027394005547,0.0835603526089491,0.0837691620399551,0.083331,0.0837357665994132,0.083331,0.0829262334005867,33.902604641529564,-0.0001711806947284,-0.0001532284438293,-1.7952250899023515e-05,22.570247354775976,22.671505972139247,0.0001356678769736,-788456.3000000004,14731.129096,13110.8769198,0.08285,0.08415,False,False,0,
2026-09-10 23:17:00+00:00,0.08303,0.08322,0.08303,0.08322,32710.4,2721.628285,0.083132767576988,0.0831776221091573,0.0832948594576447,0.0835470054478138,0.0837582875441144,0.083311,0.0836957024824465,0.083311,0.0829262975175534,43.75620128407802,-0.000156729164417,-0.0001539285879469,-2.8005764701617675e-06,38.72770492068477,27.028605085270694,0.000139548742904,-755745.9000000004,2721.628285,13106.8249008,0.08285,0.08415,False,False,0,
2026-09-10 23:18:00+00:00,0.08322,0.08322,0.08312,0.08312,33061.6,2749.774477,0.083128511717992,0.0831671453620378,0.0832782061759643,0.0835302601361349,0.0837456481868052,0.083288,0.0836604298591689,0.083288,0.082915570140831,40.34699911801816,-0.0001515978610174,-0.000153462442561,1.8645815436081584e-06,41.77573670111065,34.35789632552379,0.0001367238326966,-788807.5000000003,2749.774477,13232.06730675,0.08285,0.08412,False,False,0,
2026-09-10 23:19:00+00:00,0.08312,0.08317,0.08312,0.08315,17646.3,1466.799317,0.0831356744786613,0.0831640280234854,0.0832659960639677,0.0835153479739335,0.0837338531732051,0.083268,0.0836246286584117,0.083268,0.0829113713415882,41.81171910884467,-0.0001434568357212,-0.000151461321193,8.004485471867852e-06,48.44551282051344,42.98298481410294,0.0001305292732183,-771161.2000000003,1466.799317,13052.92222585,0.08285,0.08408,False,False,0,
2026-09-10 23:20:00+00:00,0.08315,0.08333,0.08315,0.08333,15395.2,1281.194305,0.0832004496524409,0.0831942047464881,0.0832720916769231,0.0835080794259361,0.0837258560806664,0.0832565,0.0835887213117796,0.0832565,0.0829242786882203,49.77953002506148,-0.0001210847294552,-0.0001453860028455,2.430127339025196e-05,59.10078347578376,49.774010999135946,0.0001340628965598,-755766.0000000003,1281.194305,13115.5790468,0.08285,0.08408,False,False,0,
2026-09-10 23:21:00+00:00,0.08333,0.08337,0.08323,0.08323,44140.1,3678.276867,0.0832102997682939,0.0832007129743993,0.0832680829457876,0.0834971743504092,0.083716037148376,0.08324,0.0835416620625809,0.08324,0.082938337937419,46.01015485096615,-0.0001101540509909,-0.0001383396124746,2.8185561483612143e-05,69.15400069881245,58.90009899836988,0.000134486975377,-799906.1000000003,3678.276867,13221.9983028,0.08285,0.08406,False,False,0,
2026-09-10 23:22:00+00:00,0.08323,0.08323,0.08318,0.08323,17853.3,1485.625948,0.0832168665121959,0.0832060378881449,0.0832644559985697,0.083486696924903,0.0837064126503883,0.0832255,0.0834984450494158,0.0832255,0.0829525549505841,46.01015485096615,-0.0001003348122968,-0.000130738652439,3.040384014218114e-05,77.42837176799463,68.56105198086361,0.0001284521914215,-799906.1000000003,1485.625948,11324.223539,0.08285,0.08393,False,False,0,
2026-09-10 23:23:00+00:00,0.08323,0.08325,0.08322,0.08324,15233.8,1267.801009,0.0832245776747973,0.0832122128175731,0.0832621268558488,0.0834770225356911,0.0836971767563212,0.0832165,0.0834746685495962,0.0832165,0.0829583314504037,46.48016014074929,-9.07005391057869e-05,-0.0001227310297724,3.203049066661628e-05,72.32704402515763,72.96980549732156,0.0001214198920342,-784672.3000000003,1267.801009,11372.01105225,0.08285,0.08393,False,False,0,
2026-09-10 23:24:00+00:00,0.08324,0.08324,0.08319,0.08322,41682.3,3468.023967,0.0832230517831982,0.0832136286689234,0.0832581147743394,0.083466943220566,0.0836877277116416,0.083208,0.0834536501577459,0.083208,0.082962349842254,45.62468919936122,-8.371413658735116e-05,-0.0001149276511353,3.121351454804163e-05,71.6981132075478,73.81784300023334,0.0001163184711746,-826354.6000000003,3468.023967,11383.62313265,0.08285,0.08391,False,False,0,
2026-09-10 23:25:00+00:00,0.08322,0.08327,0.08319,0.08324,11539.8,960.350651,0.0832287011887988,0.0832184234563919,0.0832563895577356,0.0834580434864261,0.0836788618163615,0.0831955,0.0834053070542203,0.0831955,0.0829856929457796,46.68150718115118,-7.569101055054928e-05,-0.0001070803230184,3.1389312467874824e-05,72.79874213836499,72.27463312369014,0.0001137242946621,-814814.8000000003,960.350651,11009.4681656,0.08285,0.08391,False,False,0,
2026-09-10 23:26:00+00:00,0.08324,0.08325,0.0832,0.08321,3203.1,266.573209,0.0832224674591992,0.0832168919188661,0.0832519715046179,0.08344831629088,0.0836695774239583,0.0831865,0.0833766867503288,0.0831865,0.0829963132496711,45.260508061018406,-7.093567236728104e-05,-9.985139288819548e-05,2.8915720520914447e-05,71.34736332849619,71.94807289146964,0.0001091725593291,-818017.9000000003,266.573209,10399.54173535,0.08285,0.08386,False,False,0,
2026-09-10 23:27:00+00:00,0.08321,0.08327,0.08321,0.08325,20486.9,1705.149591,0.0832316449727994,0.0832229115699813,0.0832517837422733,0.0834405391814337,0.0836612689601176,0.0831845,0.0833710984994597,0.0831845,0.0829979015005402,47.55292511674227,-6.321071313689086e-05,-9.252325693793456e-05,2.9312543801043712e-05,73.71794871794945,72.62135139493687,0.0001056602336628,-797531.0000000002,1705.149591,10281.9999762,0.08285,0.08386,False,False,0,
2026-09-10 23:28:00+00:00,0.08325,0.08327,0.08322,0.08324,15218.7,1266.850473,0.0832344299818663,0.0832260185572574,0.0832506614811045,0.0834326748998089,0.0836529270005113,0.0831929999999999,0.0833733441155143,0.0831929999999999,0.0830126558844856,47.02274246217604,-5.723576544200415e-05,-8.54657586387485e-05,2.8229993196744347e-05,73.71794871794945,72.9277535881317,0.0001016845026868,-812749.7000000002,1266.850473,9649.1724919,0.08285,0.08386,False,False,0,
2026-09-10 23:29:00+00:00,0.08324,0.0833,0.08317,0.08318,10936.8,909.803846,0.0832162866545775,0.083217651546847,0.0832439318162374,0.0834227660802085,0.0836435621094121,0.0831915,0.0833717526005378,0.0831915,0.0830112473994622,43.86279057281588,-5.668860396661202e-05,-7.97103277043212e-05,2.302172373770919e-05,70.49918166939487,72.64502636843125,0.0001037070382092,-823686.5000000002,909.803846,9084.01639935,0.08285,0.08386,False,False,0,
2026-09-10 23:30:00+00:00,0.08318,0.08328,0.08318,0.08327,2286.3,190.371455,0.0832341911030517,0.0832271694474203,0.0832464145004052,0.0834167752535337,0.0836361648399188,0.0831964999999999,0.0833796147181431,0.0831964999999999,0.0830133852818568,49.35999854823515,-4.843440504466445e-05,-7.345514317238986e-05,2.502073812772541e-05,68.38756779307421,70.86823272680617,0.0001034422497657,-821400.2000000002,190.371455,8957.698263549999,0.08285,0.08386,False,False,0,
2026-09-10 23:31:00+00:00,0.08327,0.08329,0.08325,0.08325,25545.6,2127.322199,0.0832394607353678,0.0832313204569802,0.0832467559765571,0.0834102350475128,0.0836285180114055,0.0831965,0.0833796147181431,0.0831965,0.0830133852818569,48.22973837820896,-4.301092264093198e-05,-6.73662990660983e-05,2.4355376425166316e-05,60.72090112640844,66.53588352962582,9.891066049676224e-05,-846945.8000000002,2127.322199,6232.3466918,0.08285,0.08386,False,False,0,
2026-09-10 23:32:00+00:00,0.08325,0.08325,0.0832,0.08324,13173.9,1096.344095,0.0832396404902452,0.0832328985557111,0.0832461125502183,0.0834035591632966,0.0836208245854371,0.083192,0.0833659655138256,0.083192,0.0830180344861743,47.64231553091159,-3.906932334865609e-05,-6.170690392260985e-05,2.263758057395376e-05,56.86274509803874,61.99040467250712,9.541704188985125e-05,-860119.7000000002,1096.344095,6092.446094100001,0.08285,0.08386,False,False,0,
2026-09-10 23:33:00+00:00,0.08324,0.0833,0.08324,0.08328,15051.2,1253.588552,0.0832530936601634,0.0832414624546727,0.083249339926388,0.0833987137059124,0.0836140755837453,0.083198,0.0833753809459909,0.083198,0.083020619054009,50.252389572048486,-3.234505810999211e-05,-5.583453476008631e-05,2.3489476650094203e-05,53.03030303030399,56.87131641825038,9.288725318343362e-05,-845068.5000000002,1253.588552,5902.6721968,0.08285,0.08386,True,False,1,EMA5 cross up EMA20
2026-09-10 23:34:00+00:00,0.08328,0.08328,0.08324,0.08324,797.4,66.396247,0.0832487291067756,0.0832411965538231,0.0832484504095891,0.0833924896390139,0.0836066681464434,0.0832125,0.0833491565036894,0.0832125,0.0830758434963105,47.69201922072224,-2.989903767389168e-05,-5.064743534284739e-05,2.0748397668955703e-05,47.36363636363642,52.4188948306597,8.910959224176067e-05,-845865.9000000003,66.396247,2952.82000295,0.08285,0.08386,False,False,0,
2026-09-10 23:35:00+00:00,0.08324,0.08324,0.08324,0.08324,0.0,0.0,0.0832458194045171,0.0832409789985825,0.0832476456086759,0.0833865096531702,0.0835994073910683,0.0832205,0.0833432151172456,0.0832205,0.0830977848827543,47.69201922072224,-2.764191012226413e-05,-4.604633029873074e-05,1.8404420176466607e-05,49.31235431235449,49.90209790209829,8.27446213673492e-05,-845865.9000000003,0.0,2134.65017945,0.08285,0.08386,False,True,-1,EMA5 cross down EMA20
2026-09-10 23:36:00+00:00,0.08324,0.08324,0.0831,0.08312,196947.7,16376.937631,0.0832038796030114,0.083218982817022,0.0832354888840401,0.0833760582942224,0.0835899141754035,0.083225,0.0833236914383348,0.083225,0.0831263085616651,40.51066898095445,-3.5131147395214835e-05,-4.386329371802757e-05,8.73214632281273e-06,32.94871794871809,43.20823620823632,8.683429126968149e-05,-1042813.6000000004,16376.937631,2216.9406062000003,0.08285,0.08386,False,False,0,
2026-09-10 23:37:00+00:00,0.08312,0.08318,0.08312,0.08317,39258.3,3264.492998,0.0831925864020076,0.0832100768502907,0.0832292518474648,0.0833679775768019,0.0835815990432173,0.0832225,0.0833240627884641,0.0832225,0.0831209372115358,44.27578041550962,-3.660982449062156e-05,-4.241259987254637e-05,5.802775381924808e-06,32.9487179487181,38.40326340326355,8.491755617899027e-05,-1003555.3000000004,3264.492998,2244.08384185,0.08285,0.08386,False,False,0,
2026-09-10 23:38:00+00:00,0.08317,0.08317,0.08314,0.08317,1346.6,111.970691,0.0831850576013384,0.0832027901502379,0.0832236088143729,0.0833602137502606,0.083573448567114,0.083225,0.0833184879671434,0.083225,0.0831315120328566,44.27578041550962,-3.735112620935344e-05,-4.140030513990778e-05,4.049178930554348e-06,26.66666666666713,30.854700854701097,8.099487359477585e-05,-1003555.3000000004,111.970691,2112.19365255,0.08285,0.08386,False,False,0,
2026-09-10 23:39:00+00:00,0.08317,0.08318,0.08317,0.08318,90.2,7.502836,0.0831833717342256,0.0831986464865583,0.0832194555939564,0.0833531465443681,0.0835656575063791,0.0832265,0.0833160041898494,0.0832265,0.0831369958101505,45.08199904986196,-3.6708543496563606e-05,-4.046195281123896e-05,3.7534093146753504e-06,36.6666666666676,32.094017094017595,7.592381119514972e-05,-1003465.1000000004,7.502836,2039.2288285,0.08285,0.08386,False,False,0,
2026-09-10 23:40:00+00:00,0.08318,0.08318,0.08312,0.08312,1016.8,84.525681,0.083162247822817,0.0831843471253658,0.0832099836326273,0.0833440035426281,0.0835568326052627,0.0832159999999999,0.0833037268488013,0.0832159999999999,0.0831282731511986,41.22779357785513,-4.057308930850712e-05,-4.048418011069259e-05,-8.890919781452585e-08,28.333333333335418,30.555555555556705,7.478639610978221e-05,-1004481.9000000004,84.525681,1979.3953973,0.08285,0.08381,False,False,0,
2026-09-10 23:41:00+00:00,0.08312,0.08312,0.08312,0.08312,0.0,0.0,0.0831481652152113,0.0831726476480266,0.0832014137628532,0.083335219089976,0.0835481824546634,0.0832104999999999,0.0833073452373667,0.0832104999999999,0.0831136547626332,41.22779357785513,-4.313849597817332e-05,-4.101504328418873e-05,-2.1234526939845863e-06,20.00000000000324,28.333333333335407,6.94445106733692e-05,-1004481.9000000004,0.0,1795.48155395,0.08285,0.08377,False,False,0,
2026-09-10 23:42:00+00:00,0.08312,0.08317,0.0831,0.08316,19904.8,1654.642976,0.0831521101434742,0.0831703480756581,0.0831974695949624,0.0833283477531142,0.0835404956733829,0.083207,0.0833058129546194,0.083207,0.0831081870453805,44.87183529594099,-4.146593999596049e-05,-4.110522262654308e-05,-3.607173694174056e-07,16.666666666668984,21.666666666669204,6.94841884824143e-05,-984577.1000000004,1654.642976,1803.93240535,0.08285,0.08371,False,False,0,
2026-09-10 23:43:00+00:00,0.08316,0.0832,0.08316,0.0832,762.3,63.409534,0.0831680734289828,0.0831757393346293,0.0831977105859184,0.0833233145078941,0.0835337531848011,0.083205,0.0833026729235797,0.083205,0.0831073270764202,48.32246099008341,-3.649210337176856e-05,-4.018259877558818e-05,3.6904954038196247e-06,30.000000000001396,22.22222222222453,6.73781750193846e-05,-983814.8000000004,63.409534,1743.7128315999998,0.08285,0.08371,False,False,0,
2026-09-10 23:44:00+00:00,0.0832,0.08323,0.08319,0.08323,16402.9,1365.099665,0.0831887156193219,0.0831856049101513,0.0832007857682119,0.0833196551154276,0.0835277382702506,0.0832055,0.0833035765007564,0.0832055,0.0831074234992435,50.80933049961465,-2.9786196006714727e-05,-3.8103318221813495e-05,8.317122215098768e-06,48.33333333333403,31.666666666668124,6.542259108942845e-05,-967411.9000000004,1365.099665,1638.5666165000002,0.08285,0.08371,False,False,0,
2026-09-10 23:45:00+00:00,0.08323,0.08323,0.08315,0.08316,9886.9,822.333924,0.0831791437462146,0.0831809494719419,0.0831969014093346,0.0833133941305089,0.083520456324305,0.0832015,0.0833001458311365,0.0832015,0.0831028541688634,45.32807643959571,-2.9776881734860927e-05,-3.643803092442298e-05,6.661149189562054e-06,48.33333333333403,42.22222222222314,6.646383458304047e-05,-977298.8000000004,822.333924,1631.66578015,0.08285,0.08371,False,False,0,
2026-09-10 23:46:00+00:00,0.08316,0.08319,0.08316,0.08319,16623.8,1382.809045,0.0831827624974764,0.0831825950224979,0.0831962441322551,0.0833085551449988,0.0835139126347148,0.0832005,0.0832991863719093,0.0832005,0.0831018136280906,47.92109828158768,-2.703708415167927e-05,-3.455784156987424e-05,7.520757418194972e-06,46.66666666666806,47.7777777777787,6.385927496996632e-05,-960675.0000000002,1382.809045,1687.47757195,0.08285,0.08362,False,False,0,
2026-09-10 23:47:00+00:00,0.08319,0.08319,0.08315,0.08315,9020.4,750.223158,0.0831718416649842,0.083176668654771,0.0831918399291831,0.0833023372961753,0.0835067064439284,0.0831955,0.0832937802116431,0.0831955,0.0830972197883568,44.8656218883671,-2.77732873653902e-05,-3.320093072897743e-05,5.427643363587232e-06,34.25925925926128,43.086419753087775,6.215504104354004e-05,-969695.4000000004,750.223158,1639.7312503,0.08285,0.08362,False,False,0,
2026-09-10 23:48:00+00:00,0.08315,0.08316,0.08314,0.08314,932.0,77.495499,0.0831612277766561,0.0831700016266308,0.0831869027930705,0.0832959711276978,0.0834994449301872,0.0831905,0.08328938882647,0.0831905,0.0830916111735299,44.10844284043989,-2.8831300853474077e-05,-3.232700475387676e-05,3.4957039004026867e-06,33.78306878307317,38.23633156966749,5.914396668328664e-05,-970627.4000000004,77.495499,1580.2635016000002,0.08285,0.0836,False,False,0,
2026-09-10 23:49:00+00:00,0.08314,0.08314,0.08311,0.08311,270.9,22.517208,0.0831441518511041,0.0831590922399707,0.0831795787175399,0.0832886781422979,0.0834917331493914,0.083187,0.0832918999523385,0.083187,0.0830821000476614,41.82780707683939,-3.1724829360035844e-05,-3.2206569675108576e-05,4.817403150727311e-07,21.16402116402722,29.73544973545388,5.706225477733775e-05,-970898.3000000004,22.517208,1535.8991697,0.08285,0.0836,False,False,0,
2026-09-10 23:50:00+00:00,0.08311,0.08315,0.08311,0.08314,38029.9,3161.82791,0.0831427679007361,0.0831556209236123,0.0831758093158695,0.0832828476269137,0.0834847681365322,0.0831805,0.0832799937183979,0.0831805,0.0830810062816021,44.89612949011676,-3.123713996365518e-05,-3.20126837328179e-05,7.755437691627187e-07,22.16117216118009,25.702754036093484,5.584352229324208e-05,-932868.4000000004,3161.82791,1684.47199245,0.08285,0.0836,False,False,0,
2026-09-10 23:51:00+00:00,0.08314,0.08314,0.0831,0.08311,44107.5,3666.239271,0.0831318452671574,0.0831473262102283,0.0831695417619771,0.0832760692886033,0.0834773469853137,0.0831735,0.0832721458311366,0.0831735,0.0830748541688633,42.482974812222544,-3.2892230721892624e-05,-3.218859313063285e-05,-7.03637591259774e-07,15.201465201472766,19.50888617556002,5.471184212943995e-05,-976975.9000000004,3666.239271,1761.41784605,0.08285,0.08356,False,False,0,
2026-09-10 23:52:00+00:00,0.08311,0.08311,0.08302,0.08306,217813.1,18087.495444,0.0831078968447716,0.0831314487174595,0.0831591092132174,0.0832675959831679,0.0834690826885748,0.0831645,0.0832698517916347,0.0831645,0.0830591482083652,38.74508645750616,-3.780271800288282e-05,-3.331141810508284e-05,-4.491299897799975e-06,19.169719169724058,18.844118844125628,5.723242483448044e-05,-1194789.0000000002,18087.495444,2610.9754135000003,0.08285,0.08352,False,False,0,
2026-09-10 23:53:00+00:00,0.08306,0.0831,0.08302,0.08302,49928.8,4148.09627,0.0830785978965144,0.083111185314285,0.0831458607167205,0.0832578863367692,0.0834601899620684,0.0831515,0.0832607291170003,0.0831515,0.0830422708829996,36.01504035199725,-4.44100488583149e-05,-3.553114425572926e-05,-8.87890460258564e-06,8.913308913311067,14.428164428169287,5.885868020344589e-05,-1244717.8000000005,4148.09627,2755.7007994,0.08285,0.0835,False,False,0,
2026-09-10 23:54:00+00:00,0.08302,0.08304,0.08297,0.08297,27743.7,2303.072062,0.0830423985976762,0.0830855152571423,0.0831291120770328,0.0832465966765037,0.0834504832301463,0.083138,0.0832653734666274,0.083138,0.0830106265333726,32.89488370048538,-5.306923914268069e-05,-3.903876323311954e-05,-1.4030475909561149e-05,6.349206349206039,11.47741147741371,5.965448876034266e-05,-1272461.5000000002,2303.072062,2867.53459015,0.08285,0.0835,False,False,0,
2026-09-10 23:55:00+00:00,0.08297,0.08304,0.08292,0.08296,237252.1,19682.345782,0.0830149323984508,0.0830626943012982,0.0831130061649345,0.0832353575911506,0.0834407706909355,0.083124,0.0832643424383452,0.083124,0.0829836575616547,32.29231529518883,-6.004644817866889e-05,-4.324030022222941e-05,-1.6806147956439474e-05,4.301075268818461,6.521196843778513,6.396488242031882e-05,-1509713.6000000003,19682.345782,3851.651879250001,0.08285,0.08349,False,False,0,
2026-09-10 23:56:00+00:00,0.08296,0.08296,0.08291,0.08295,35625.1,2954.683279,0.0829932882656339,0.0830422044283349,0.083097481768274,0.08322416709738,0.0834310524594318,0.0831155,0.0832750587666056,0.0831155,0.0829559412333943,31.66760607130962,-6.562635328458133e-05,-4.77175108346998e-05,-1.7908842449881528e-05,8.467741935484947,6.372674517836472,6.296739081886808e-05,-1545338.7000000004,2954.683279,3180.53916165,0.08285,0.08339,False,False,0,
2026-09-10 23:57:00+00:00,0.08295,0.08298,0.08294,0.08298,35504.8,2945.183498,0.0829888588437559,0.083030894532274,0.0830862930284384,0.0832145919170906,0.0834221207275619,0.083106,0.0832738570820689,0.083106,0.082938142917931,35.68719920440556,-6.6857032746101e-05,-5.154541521698004e-05,-1.5311617529120954e-05,15.75940860215166,9.509408602151678,6.132686290323453e-05,-1509833.9000000004,2945.183498,3164.57368665,0.08285,0.08338,False,False,0,
2026-09-10 23:58:00+00:00,0.08298,0.08298,0.08283,0.08292,169430.4,14046.709043,0.0829659058958373,0.0830107318900423,0.0830704555971586,0.083203039292891,0.0834121777428577,0.0830935,0.0832769420889565,0.0830935,0.0829100579110435,31.674144889197336,-7.184566158065231e-05,-5.56054644897145e-05,-1.624019709093781e-05,18.958333333332654,14.395161290323076,6.766065841014616e-05,-1679264.3000000005,14046.709043,3861.31060425,0.08283,0.08338,False,False,0,
2026-09-10 23:59:00+00:00,0.08292,0.08293,0.08287,0.08291,4465.8,370.20202,0.0829472705972248,0.0829924170009437,0.0830551741117149,0.0831915475559149,0.0834022336291377,0.08308,0.083275345847155,0.08308,0.0828846541528449,31.04749838839697,-7.573309828487473e-05,-5.963099124874656e-05,-1.610210703612818e-05,22.19907407407329,18.97227200318586,6.711346852370747e-05,-1683730.1000000003,370.20202,3879.44556345,0.08283,0.08338,False,False,0,
2026-09-11 00:00:00+00:00,0.08291,0.08306,0.08287,0.08304,14362.8,1191.279199,0.0829781803981499,0.0830010684553176,0.0830537289582182,0.0831856045145064,0.0833950606859865,0.083076,0.083271181966382,0.083076,0.082880818033618,46.003388420392334,-6.754538518094488e-05,-6.121387003518623e-05,-6.331515145758656e-06,34.35185185185123,25.16975308641905,7.589107791487091e-05,-1669367.3000000005,1191.279199,3934.78323935,0.08283,0.08338,False,False,0,
2026-09-11 00:01:00+00:00,0.08304,0.08306,0.08293,0.08306,26276.4,2180.531815,0.0830054535987666,0.0830117832816235,0.0830543262002927,0.0831806788472709,0.0833884258209174,0.083073,0.0832672266717027,0.083073,0.0828787733282972,47.87651450640736,-5.876532066724505e-05,-6.0724160161598e-05,1.9588394943529503e-06,50.08417508417463,35.54503367003304,7.975600092095092e-05,-1643090.9000000004,2180.531815,4043.8098301,0.08283,0.08337,False,False,0,
2026-09-11 00:02:00+00:00,0.08306,0.08307,0.08303,0.08307,9206.6,764.628124,0.0830269690658444,0.0830223681395101,0.0830558189431219,0.0831763385003191,0.0833821203591171,0.0830685,0.0832585815614433,0.0830685,0.0828784184385566,48.832279807172185,-5.04189416816736e-05,-5.866311646561312e-05,8.244174783939517e-06,67.67676767676787,50.70426487093123,7.691628656945432e-05,-1633884.3000000005,764.628124,3999.3090875,0.08283,0.08337,False,False,0,
2026-09-11 00:03:00+00:00,0.08307,0.08317,0.08307,0.08317,5153.6,428.260018,0.0830746460438962,0.0830492102959628,0.0830666933294913,0.0831760899316791,0.0833779199559662,0.083067,0.0832533437683442,0.083067,0.0828806562316557,57.27016657782409,-3.5327973055596096e-05,-5.399608778360972e-05,1.866811472801362e-05,81.56565656565654,66.44219977553301,7.856512324306394e-05,-1628730.7000000002,428.260018,4017.5516117000006,0.08283,0.08337,True,False,1,EMA5 cross up EMA20
2026-09-11 00:04:00+00:00,0.08317,0.08317,0.08313,0.08314,5367.8,446.266534,0.0830964306959308,0.0830657175148786,0.0830736749171588,0.0831746746402408,0.0833732086697095,0.0830625,0.0832368416186708,0.0830625,0.0828881583813292,54.37329516946807,-2.549512899749362e-05,-4.82958960263865e-05,2.280076702889288e-05,88.72549019607987,79.32263814616807,7.581047158284498e-05,-1634098.5000000002,446.266534,3971.60995515,0.08283,0.08337,False,False,0,
2026-09-11 00:05:00+00:00,0.08314,0.08316,0.08311,0.08316,11372.7,945.515645,0.0831176204639539,0.0830828597849007,0.0830818963536198,0.0831740991641529,0.0833689867158538,0.0830625,0.0832368416186708,0.0830625,0.0828881583813292,55.9721949047648,-1.5905349419226278e-05,-4.181778670495446e-05,2.591243728572818e-05,96.07843137255048,88.78985937809561,7.396686646978423e-05,-1622725.8000000005,945.515645,3977.7690412,0.08283,0.08337,False,False,0,
2026-09-11 00:06:00+00:00,0.08316,0.08332,0.08316,0.08327,24924.9,2074.946804,0.0831684136426359,0.0831168852785551,0.0830998109866084,0.0831778599812449,0.0833670265828666,0.0830665,0.083255420618252,0.0830665,0.0828775793817479,63.53994551442596,5.64196967381414e-07,-3.334138997048728e-05,3.39055869378687e-05,92.67707082833222,92.49366413232086,8.01120902933716e-05,-1597800.9000000004,2074.946804,4012.37592915,0.08283,0.08337,False,False,0,
2026-09-11 00:07:00+00:00,0.08327,0.08343,0.08327,0.08343,41298.9,3444.739682,0.0832556090950906,0.0831738152279087,0.0831312575593124,0.0831877478251177,0.0833682735812257,0.0830805,0.0833253244268873,0.0830805,0.0828356755731126,71.27427621552684,2.62247908945773e-05,-2.1428153797474368e-05,4.765294469205167e-05,95.61824729891936,94.79124983326734,8.58183695581313e-05,-1556502.0000000005,3444.739682,4147.1017553500005,0.08283,0.08343,False,False,0,
2026-09-11 00:08:00+00:00,0.08343,0.08348,0.08341,0.08341,39499.5,3295.964958,0.0833070727300604,0.0832167579137435,0.0831578044584255,0.0831964635966817,0.083369099846944,0.083094,0.0833772242927446,0.083094,0.0828107757072553,69.29546247158513,4.4434945214819055e-05,-8.255533995015683e-06,5.2690479209834736e-05,93.00889586603812,93.76807133109656,8.468848601826482e-05,-1596001.5000000005,3295.964958,4308.0252283,0.08283,0.08348,False,True,-1,RSI cross down 70
2026-09-11 00:09:00+00:00,0.08341,0.08351,0.08341,0.08348,7504.1,626.541721,0.0833647151533736,0.0832646201112446,0.0831884897480992,0.0832075826713216,0.0833712958895788,0.0831125,0.0834420375547653,0.0831125,0.0827829624452346,72.20419681066191,6.377982458007081e-05,6.151537720001617e-06,5.762828686006919e-05,94.93966817496214,94.52227044663988,8.578216558838897e-05,-1588497.4000000004,626.541721,4338.22645395,0.08283,0.08351,False,False,0,
2026-09-11 00:10:00+00:00,0.08348,0.08354,0.08347,0.08348,3616.3,302.081206,0.0834031434355824,0.0833037800910183,0.0832162526292326,0.0832182657038188,0.0833734484462208,0.0831295,0.083495968279665,0.0831295,0.0827630317203349,72.20419681066191,7.820923348925146e-05,2.0563076873851587e-05,5.764615661539987e-05,92.12276676651123,93.35711026917048,8.465486804636124e-05,-1588497.4000000004,302.081206,4195.23911875,0.08283,0.08354,False,False,0,
2026-09-11 00:11:00+00:00,0.08348,0.08348,0.08342,0.08345,28038.2,2339.060507,0.0834187622903882,0.083330365529015,0.0832385142835914,0.0832273533232769,0.0833749643185728,0.0831465,0.0835384323921299,0.0831465,0.08275456760787,68.95725829492426,8.622989023018834e-05,3.369643954511894e-05,5.25334506850694e-05,91.4871582435785,92.84986439501728,8.289380604305005e-05,-1616535.6000000003,2339.060507,4128.88018055,0.08283,0.08354,False,True,-1,RSI cross down 70
2026-09-11 00:12:00+00:00,0.08345,0.08349,0.08345,0.08349,4277.5,357.128475,0.0834425081935921,0.083359389978285,0.0832624653042018,0.0832376531929523,0.0833772422528585,0.0831679999999999,0.0835849700229041,0.0831679999999999,0.0827510299770958,70.84012958422997,9.47220869334242e-05,4.590156902277999e-05,4.882051791064422e-05,90.4701842898176,91.36003643330244,7.982996275426064e-05,-1612258.1000000003,357.128475,3242.3618321,0.08283,0.08354,False,False,0,
2026-09-11 00:13:00+00:00,0.08349,0.08353,0.08348,0.08349,33061.2,2761.019335,0.0834583387957281,0.0833831372549604,0.0832841352752302,0.0832475491461699,0.0833794750795346,0.0831915,0.0836251023523928,0.0831915,0.0827578976476071,70.84012958422997,0.0001002960634167,5.678046790157831e-05,4.351559551519324e-05,90.79952350921336,90.91895534753648,7.769925112895592e-05,-1612258.1000000003,2761.019335,3173.00798535,0.08283,0.08354,False,False,0,
2026-09-11 00:14:00+00:00,0.08349,0.08349,0.08348,0.08348,928.8,77.544315,0.0834655591971521,0.0834007486631494,0.0833027890585416,0.0832566648659279,0.083381465672019,0.083217,0.0836554563832362,0.083217,0.0827785436167637,69.61585703615991,0.0001027224431297,6.59688629472108e-05,3.675358018252997e-05,91.74618709729933,91.00529829877674,7.286359033403022e-05,-1613186.9000000004,77.544315,3061.7315980000003,0.08283,0.08354,False,True,-1,RSI cross down 70
2026-09-11 00:15:00+00:00,0.08348,0.08352,0.08348,0.08349,4376.6,365.477671,0.0834737061314347,0.0834169761789404,0.0833206186720138,0.0832658152633425,0.0833836148666325,0.0832435,0.083680685315399,0.0832435,0.0828063146846009,70.17102171313786,0.0001042505475415,7.362519986608221e-05,3.062534767548561e-05,90.96577543014472,91.17049534555248,7.051619102445652e-05,-1608810.3000000005,365.477671,2095.88819245,0.08283,0.08354,False,False,0,
2026-09-11 00:16:00+00:00,0.08349,0.08349,0.08346,0.08346,3699.5,308.814894,0.0834691374209564,0.0834247986918603,0.083333893084203,0.0832734303510546,0.0833851274435309,0.083269,0.0836940599957659,0.083269,0.082843940004234,66.25964302715161,0.0001018665775218,7.92734753972397e-05,2.259310212462997e-05,87.77957875395185,90.1638470937986,6.762217737985165e-05,-1612509.8000000005,308.814894,1963.5947732,0.08283,0.08354,False,True,-1,RSI cross down 70
2026-09-11 00:17:00+00:00,0.08346,0.08347,0.08345,0.08345,1709.7,142.691371,0.0834627582806376,0.0834293807478857,0.0833449508857075,0.0832803546510132,0.0833864120486095,0.0832924999999999,0.0837027621113392,0.0832924999999999,0.0828822378886607,64.95983150274017,9.804020126687184e-05,8.302682057116614e-05,1.5013380695705712e-05,84.08152309249523,87.60895909219727,6.422059328129125e-05,-1614219.5000000002,142.691371,1823.47016685,0.08283,0.08354,False,False,0,
2026-09-11 00:18:00+00:00,0.08345,0.08345,0.08337,0.08337,1193.1,99.51914,0.0834318388537584,0.0834185842482701,0.0833473365156401,0.0832838701548951,0.0833860870575479,0.083315,0.0836888181376023,0.083315,0.0829411818623976,55.56836191848077,8.754329449993381e-05,8.393011535691967e-05,3.6131791430141376e-06,74.17120237506126,82.0107680738361,6.534769376119878e-05,-1615412.6000000003,99.51914,1126.1106717,0.08283,0.08354,False,False,0,
2026-09-11 00:19:00+00:00,0.08337,0.0834,0.08337,0.0834,11898.3,992.211231,0.0834212259025056,0.0834152052940392,0.0833523520855791,0.0832884242664678,0.0833863625613588,0.0833395,0.0836650441598316,0.0833395,0.0830139558401683,58.01941706452472,8.071474025803105e-05,8.328704033714196e-05,-2.572300079110908e-06,67.56425948592337,75.27232831782662,6.28228584925419e-05,-1603514.3000000005,992.211231,1157.21113225,0.08283,0.08354,False,False,0,
2026-09-11 00:20:00+00:00,0.0834,0.08343,0.08329,0.08335,297101.5,24757.792601,0.0833974839350037,0.083403349786032,0.0833521280774287,0.0832908390011161,0.0833856425106388,0.083355,0.0836501270912682,0.083355,0.0830598729087317,52.79227210164231,7.04563032849631e-05,8.07208929267062e-05,-1.0264589641743088e-05,51.08421354851299,64.2732251364992,6.833551145736042e-05,-1900615.8000000005,24757.792601,2335.53680235,0.08283,0.08354,False,False,0,
2026-09-11 00:21:00+00:00,0.08335,0.0834,0.08335,0.08337,2329.1,194.197949,0.0833883226233358,0.0833972861885717,0.0833538301652926,0.0832939433540135,0.0833853327579529,0.0833705,0.083632757507043,0.0833705,0.0831082424929569,54.55592503754039,6.321158710051455e-05,7.721903176146788e-05,-1.4007444660953323e-05,41.59584145548956,53.41477149664197,6.702583206754956e-05,-1898286.7,194.197949,2236.22010905,0.08283,0.08354,False,False,0,
2026-09-11 00:22:00+00:00,0.08337,0.08339,0.08337,0.08339,19623.5,1636.403665,0.0833888817488905,0.0833959614270132,0.0833572749114552,0.0832977102813071,0.0833854251785875,0.0833865,0.0836095941505294,0.0833865,0.0831634058494706,56.31357043971663,5.841060904034079e-05,7.345734721724246e-05,-1.5046738176901676e-05,33.876543209875834,42.185532737959456,6.366684406272502e-05,-1878663.2,1636.403665,2279.808886100001,0.08283,0.08354,False,False,0,
2026-09-11 00:23:00+00:00,0.08339,0.08354,0.08339,0.08353,31106.8,2597.866013,0.083435921165927,0.0834203320766471,0.0833737249198881,0.0833068196820402,0.0833882880463383,0.0834044999999999,0.083612391798781,0.0834044999999999,0.0831966082012189,66.17560913970544,6.515160219501548e-05,7.179619821279708e-05,-6.644596017781596e-06,55.9999999999986,43.82412822178799,6.983349805824448e-05,-1847556.4,2597.866013,2388.28918585,0.08283,0.08354,False,False,0,
2026-09-11 00:24:00+00:00,0.08353,0.08353,0.08351,0.08352,22285.5,1861.283687,0.0834639474439513,0.0834384535172567,0.0833876558798987,0.0833151796945092,0.0833908962038365,0.0834235,0.083598002148985,0.0834235,0.0832489978510149,65.04607875270693,6.889281788947932e-05,7.121552214813353e-05,-2.3227042586542108e-06,75.99999999999822,55.29218106995754,6.627396248265503e-05,-1869841.9,1861.283687,2459.0400435,0.08283,0.08354,False,False,0,
2026-09-11 00:25:00+00:00,0.08352,0.08352,0.08342,0.08342,1264.5,105.509744,0.0834492982959675,0.0834350983323009,0.0833907362722893,0.0833192902947245,0.0833914725166318,0.0834365,0.0835625595097578,0.0834365,0.0833104404902421,54.94607904372362,6.306165847186351e-05,6.958474941287953e-05,-6.523090941016021e-06,79.99999999999666,70.66666666666448,6.868296516246559e-05,-1871106.4,105.509744,2417.03974845,0.08283,0.08354,False,False,0,
2026-09-11 00:26:00+00:00,0.08342,0.08342,0.08342,0.08342,0.0,0.0,0.0834395321973117,0.0834323531809735,0.083393523293976,0.0833232396949314,0.0833920374172926,0.0834439999999999,0.0835448761617052,0.0834439999999999,0.0833431238382947,54.94607904372362,5.777443489997369e-05,6.722268651029837e-05,-9.44825161032468e-06,65.33333333333015,73.777777777775,6.377703907943234e-05,-1871106.4,0.0,2313.2924082500003,0.08283,0.08354,False,False,0,
2026-09-11 00:27:00+00:00,0.08342,0.08349,0.08342,0.08349,12411.7,1036.194863,0.0834563547982078,0.0834428344207965,0.0834027115516926,0.083329779314738,0.0833939772704155,0.083447,0.0835495865488276,0.083447,0.0833444134511723,59.989669210979045,5.855767073510709e-05,6.548968335526012e-05,-6.932012620153031e-06,61.333333333329854,68.88888888888555,6.422153628804436e-05,-1858694.7,1036.194863,2192.8651673,0.08283,0.08354,False,False,0,
2026-09-11 00:28:00+00:00,0.08349,0.08349,0.08342,0.08342,144143.4,12029.382455,0.0834442365321385,0.0834386827079244,0.083404358070579,0.0833333173808267,0.0833944925719914,0.0834475,0.0835494558728096,0.0834475,0.0833455441271903,53.53558758576419,5.291994757761209e-05,6.297573619973052e-05,-1.0055788622118424e-05,61.333333333329854,62.66666666666328,6.463428369604123e-05,-2002838.1,12029.382455,2629.53604215,0.08283,0.08354,False,False,0,
2026-09-11 00:29:00+00:00,0.08342,0.08344,0.08341,0.08344,17868.1,1490.63093,0.083442824354759,0.0834389222155745,0.0834077525400477,0.0833375010129512,0.0833953937091797,0.0834454999999999,0.0835463910303266,0.0834454999999999,0.0833446089696733,55.02443852507282,4.9495293279550046e-05,6.0279647615694426e-05,-1.078435433614438e-05,63.999999999997335,62.22222222221901,6.216040628918131e-05,-1984970.0,1490.63093,2672.7405026000006,0.08283,0.08354,False,False,0,
2026-09-11 00:30:00+00:00,0.08344,0.08345,0.08336,0.08337,174529.3,14554.730912,0.0834185495698393,0.0834263909036518,0.0834041570600431,0.0833387754830315,0.0833948908634534,0.0834399999999999,0.0835446900186282,0.0834399999999999,0.0833353099813717,49.094912398811104,4.066406505993936e-05,5.6356531104543415e-05,-1.5692466044604057e-05,47.999999999998,57.77777777777506,6.414894869709642e-05,-2159499.3,14554.730912,3385.3729879000007,0.08283,0.08354,False,False,0,
2026-09-11 00:31:00+00:00,0.08337,0.08337,0.0832,0.08321,98995.6,8244.812491,0.0833490330465595,0.0833870471029879,0.0833856659114676,0.0833337254640891,0.0833912296582365,0.0834279999999999,0.0835727204201223,0.0834279999999999,0.0832832795798776,38.80224672757196,2.051807069916589e-05,4.918883902346792e-05,-2.8670768324302023e-05,31.64705882352956,47.88235294117496,7.17097380758755e-05,-2258494.9,8244.812491,3680.6605871,0.08283,0.08354,False,True,-1,EMA5 cross down EMA20
2026-09-11 00:32:00+00:00,0.08321,0.08322,0.08321,0.08322,380.3,31.648566,0.0833060220310397,0.0833566749024446,0.0833698882056135,0.083329265641968,0.0833878389719348,0.0834145,0.0835821275633671,0.0834145,0.0832468724366328,39.653788752891685,5.298068613671103e-06,4.041068494150856e-05,-3.511261632783745e-05,13.607843137255978,31.08496732026117,6.730189964188411e-05,-2258114.6,31.648566,3664.38659165,0.08283,0.08354,False,False,0,
2026-09-11 00:33:00+00:00,0.08322,0.08324,0.08314,0.08314,64146.9,5335.107894,0.0832506813540265,0.0833172794656365,0.0833479940907932,0.08332184345993,0.0833829312695202,0.083397,0.083599000000001,0.083397,0.0831949999999989,35.40897505561152,-1.3068577676841886e-05,2.9714832417838463e-05,-4.278341009468036e-05,2.941176470589756,16.06535947712509,6.963747823889161e-05,-2322261.5,5335.107894,3793.0910196,0.08283,0.08354,False,False,0,
2026-09-11 00:34:00+00:00,0.08314,0.08338,0.08311,0.08329,1377565.0,114722.090464,0.083263787569351,0.0833123195627935,0.083342470844051,0.0833205946967955,0.0833810910463614,0.0833875,0.083590859287962,0.0833875,0.0831841407120379,46.88903364028517,-1.5343658643168778e-05,2.070313420563702e-05,-3.60467928488058e-05,15.914272685819048,10.821097431221585,8.394908693611311e-05,-944696.5,114722.090464,9525.31832705,0.08283,0.08354,False,False,0,
2026-09-11 00:35:00+00:00,0.08329,0.08329,0.08322,0.08322,33456.1,2785.740558,0.0832491917129006,0.0832955341877401,0.0833308069541414,0.0833166498067251,0.0833779011246513,0.0833739999999999,0.0835840856968011,0.0833739999999999,0.0831639143031987,43.04419609978679,-2.253531856104274e-05,1.2055443652301068e-05,-3.4590762213343805e-05,22.48062015503866,13.77868977048248,8.295272358353364e-05,-978152.6,2785.740558,9646.3314714,0.08283,0.08354,False,False,0,
2026-09-11 00:36:00+00:00,0.08322,0.08329,0.08322,0.08329,3728.3,310.420961,0.0832627944752671,0.0832945279717873,0.0833269205775565,0.0833156047162653,0.0833761605083215,0.0833655,0.0835747343184099,0.0833655,0.0831562656815901,47.66564613105987,-2.2328951618494356e-05,5.178564598141984e-06,-2.7507516216636334e-05,36.434108527131656,24.943000455996444,8.20275290418527e-05,-974424.3,310.420961,9646.41177475,0.08283,0.08354,False,False,0,
2026-09-11 00:37:00+00:00,0.08329,0.08331,0.0832,0.0832,199338.9,16606.5568,0.0832418629835114,0.083277341067826,0.0833148329035035,0.0833110711979804,0.0833726721814241,0.083353,0.0835702648153762,0.083353,0.0831357351846237,42.85133867463637,-2.909229430887728e-05,-1.675607183261868e-06,-2.741668712561541e-05,29.62347729789541,29.512735326688567,8.402556268172029e-05,-1173763.2,16606.5568,10469.6050462,0.08283,0.08354,False,False,0,
2026-09-11 00:38:00+00:00,0.0832,0.08332,0.0832,0.08332,26318.4,2191.404838,0.0832679086556743,0.0832850972373122,0.0833153250079317,0.0833114213470792,0.0833716291679305,0.0833505,0.0835680752743315,0.0833505,0.0831329247256684,50.08972444756,-2.448702383202328e-05,-6.23789051301415e-06,-1.824913331900913e-05,38.16951624665748,34.74236735722817,8.659516534731235e-05,-1147444.8,2191.404838,10574.1993311,0.08283,0.08354,False,False,0,
2026-09-11 00:39:00+00:00,0.08332,0.08334,0.08327,0.08327,59054.6,4920.118721,0.0832686057704495,0.0832823522850736,0.0833110083405096,0.083309796980527,0.0833696167091596,0.083344,0.0835630342438991,0.083344,0.0831249657561008,47.39601392015633,-2.4588455522986385e-05,-9.908003515008596e-06,-1.4680452007977788e-05,38.25111559386247,35.34803637947178,8.540979639393293e-05,-1206499.4,4920.118721,10770.5947056,0.08283,0.08354,False,False,0,
2026-09-11 00:40:00+00:00,0.08327,0.08327,0.08323,0.08323,26588.0,2213.186422,0.0832557371802996,0.0832728336877874,0.0833032932604611,0.083306667687173,0.0833668520218495,0.083338,0.083562552889094,0.083338,0.0831134471109059,45.297318361039366,-2.757859766809589e-05,-1.3442122345626056e-05,-1.4136475322469838e-05,41.63457424047921,39.351735360333045,8.21662395086519e-05,-1233087.4,2213.186422,9643.36439665,0.08283,0.08354,False,False,0,
2026-09-11 00:41:00+00:00,0.08323,0.08323,0.08315,0.08315,32575.3,2709.628846,0.0832204914535331,0.0832505002900079,0.0832886939023219,0.0833005238563035,0.083362557922407,0.083327,0.0835653358974231,0.083327,0.0830886641025768,41.35335348999328,-3.5988781996385e-05,-1.7951454275777848e-05,-1.8037327720607152e-05,28.07017543859598,35.98528842431255,8.201150811517652e-05,-1265662.7000000002,2709.628846,9769.1359415,0.08283,0.08354,False,False,0,
2026-09-11 00:42:00+00:00,0.08315,0.08322,0.08315,0.08318,136133.1,11323.469749,0.0832069943023554,0.083237682055461,0.0832783421021008,0.0832957974305661,0.0833589429140425,0.0833164999999999,0.0835612263778191,0.0833164999999999,0.0830717736221808,43.34545406189797,-3.977466678922736e-05,-2.231609677846775e-05,-1.7458570010759613e-05,20.89783281733741,30.20086083213753,8.115354324980681e-05,-1129529.6,11323.469749,10253.4892457,0.08283,0.08354,False,False,0,
2026-09-11 00:43:00+00:00,0.08318,0.08323,0.08318,0.08323,10060.8,837.098756,0.0832146628682369,0.0832362853181044,0.0832737380923769,0.0832932171391714,0.0833563895890119,0.0833015,0.0835281517151942,0.0833015,0.0830748482848057,46.60107634729688,-3.8298939298853085e-05,-2.551266528254482e-05,-1.2786274016308266e-05,22.136222910216617,23.701410388716656,7.89282901605345e-05,-1119468.8,837.098756,10165.45088285,0.08283,0.08354,False,False,0,
2026-09-11 00:44:00+00:00,0.08323,0.08323,0.08318,0.08318,1379.5,114.775299,0.0832031085788246,0.0832260516239036,0.0832648106550077,0.0832887772513607,0.0833528967258632,0.0832845,0.0834933516219724,0.0832845,0.0830756483780275,43.88524698318104,-4.069489138702753e-05,-2.854911050344136e-05,-1.214578088358617e-05,27.269426289034413,23.43449400552947,7.686198372049594e-05,-1120848.3,114.775299,10078.12546345,0.08283,0.08354,False,False,0,
2026-09-11 00:45:00+00:00,0.08318,0.0832,0.08315,0.08319,3255.2,270.787064,0.0831987390525497,0.0832194967831939,0.0832576858307212,0.0832849036336603,0.0833496710481233,0.083273,0.0834759876843568,0.083273,0.0830700123156431,44.58088102761542,-4.131058158277079e-05,-3.110140471930725e-05,-1.020917686346354e-05,30.28322440087141,26.562957866707475,7.494327059760298e-05,-1117593.1,270.787064,10086.389329449998,0.08283,0.08354,False,False,0,
2026-09-11 00:46:00+00:00,0.08319,0.08319,0.08318,0.08318,2669.0,222.031404,0.0831924927016998,0.0832123155498859,0.0832502871801763,0.0832807897656736,0.0833463112253882,0.083261,0.08345602820309,0.083261,0.0830659717969099,43.993557313794845,-4.211990488046935e-05,-3.330510475153967e-05,-8.814800128929679e-06,27.160493827161005,28.23771483902227,7.030446555491677e-05,-1120262.1,222.031404,10097.490899649998,0.08283,0.08354,False,False,0,
2026-09-11 00:47:00+00:00,0.08318,0.08318,0.08315,0.08315,6283.4,522.468318,0.0831783284677999,0.0832009854499066,0.0832407360201595,0.083275660755255,0.0833424238743904,0.083244,0.0834138705389423,0.083244,0.0830741294610576,42.19749461311215,-4.466715356236939e-05,-3.5577514513705616e-05,-9.089639048663773e-06,23.456790123456923,26.96683611716311,6.742557515813717e-05,-1126545.5,522.468318,10071.8045724,0.08283,0.08354,False,False,0,
2026-09-11 00:48:00+00:00,0.08315,0.08319,0.08315,0.08318,4241.8,352.834657,0.0831788856451999,0.0831971699135599,0.0832349516372872,0.0832719093530882,0.083339207560046,0.083232,0.083383340675301,0.083232,0.0830806593246989,44.63181310969608,-4.3760671434939225e-05,-3.721414589795234e-05,-6.546525536986882e-06,18.84340480831786,23.153562919645253,6.546660550398441e-05,-1122303.7,352.834657,9487.9771825,0.08287,0.08354,False,False,0,
2026-09-11 00:49:00+00:00,0.08318,0.08318,0.08313,0.08313,5219.0,434.015644,0.0831625904301333,0.0831849572020036,0.0832249562432598,0.0832663442804181,0.0833350648360847,0.0832165,0.0833404798370727,0.0832165,0.0830925201629272,41.495192761603406,-4.6540371518188905e-05,-3.907939102199965e-05,-7.4609804961892515e-06,10.201429499675564,17.500541477150104,6.436184796798611e-05,-1127522.7,434.015644,9435.1464182,0.08287,0.08354,False,False,0,
2026-09-11 00:50:00+00:00,0.08313,0.08321,0.08313,0.08321,6372.6,530.0983,0.0831783936200888,0.0831895104380029,0.0832235318391398,0.0832641347007938,0.0833325883046771,0.0832085,0.0833105343079586,0.0832085,0.0831064656920413,47.8145320549686,-4.180605823277117e-05,-3.962472446415396e-05,-2.181333768617208e-06,17.961570593151627,15.668801633715006,6.547885882741644e-05,-1121150.1,530.0983,8733.9147876,0.08293,0.08354,False,False,0,
2026-09-11 00:51:00+00:00,0.08321,0.08332,0.08321,0.08327,29956.6,2494.961124,0.0832089290800592,0.0832041449038206,0.0832279573782694,0.0832643647125274,0.0833313489323073,0.0832115,0.0833170035544453,0.0832115,0.0831059964455546,52.00197972404408,-3.283409131989157e-05,-3.826659783530149e-05,5.432506515409922e-06,34.920634920636495,21.02787833782122,6.865894033974377e-05,-1091193.4999999998,2494.961124,8446.422219249998,0.08303,0.08354,False,False,0,
2026-09-11 00:52:00+00:00,0.08327,0.08335,0.08327,0.08328,217163.6,18095.43264,0.0832326193867061,0.0832179367394895,0.0832329138184342,0.0832649778610557,0.0833303321217665,0.0832145,0.0833241311999414,0.0832145,0.0831048688000585,52.6834490674125,-2.4632874036922825e-05,-3.553985307562576e-05,1.0906979038702933e-05,57.64790764791113,36.84337105389975,6.946901602976184e-05,-874029.8999999998,18095.43264,9349.61142295,0.08307,0.08354,False,False,0,
2026-09-11 00:53:00+00:00,0.08328,0.08334,0.08326,0.08332,5893.3,490.918168,0.0832617462578041,0.083236493695946,0.0832412077404881,0.0832671355919947,0.0833301275252959,0.0832235,0.0833366856881438,0.0832235,0.0831103143118562,55.41054157842476,-1.473581919657352e-05,-3.137904629981531e-05,1.6643227103241794e-05,73.73737373737737,55.43530543530832,7.02212291704929e-05,-868136.5999999997,490.918168,9107.40193665,0.08311,0.08354,True,False,1,EMA5 cross up EMA20
2026-09-11 00:54:00+00:00,0.08332,0.08337,0.08332,0.08337,41464.6,3455.972388,0.083297830838536,0.0832607675694103,0.0832534736699654,0.0832711694903479,0.0833309170792504,0.0832275,0.0833546023209881,0.0832275,0.0831003976790118,58.62096177844505,-2.825182849330865e-06,-2.5668273609718424e-05,2.284309076038756e-05,84.84848484848848,72.07792207792565,6.877685565831445e-05,-826671.9999999998,3455.972388,3544.09603285,0.08311,0.08354,False,False,0,
2026-09-11 00:55:00+00:00,0.08337,0.08344,0.08337,0.08342,18276.3,1524.408811,0.0833385538923573,0.0832897189204266,0.0832693333204449,0.0832770059809225,0.0833326810974831,0.0832375,0.0833896676706813,0.0832375,0.0830853323293187,61.59853314215382,1.05273120990651e-05,-1.842915646796172e-05,2.8956468567026825e-05,93.30400782013795,83.96328880200126,6.886422311129202e-05,-808395.6999999997,1524.408811,3481.0294454999994,0.08311,0.08354,False,False,0,
2026-09-11 00:56:00+00:00,0.08342,0.08346,0.08339,0.08346,4532.1,378.111093,0.0833790359282382,0.0833206791167127,0.0832874920518311,0.0832841822169647,0.0833352022638696,0.083246,0.083425488161171,0.083246,0.0830665118388289,63.84025543778286,2.4059582362345733e-05,-9.931408701900231e-06,3.399099106424596e-05,97.84946236559078,92.0006516780724,6.894535003191407e-05,-803863.5999999997,378.111093,3484.4139521,0.08311,0.08354,False,False,0,
2026-09-11 00:57:00+00:00,0.08346,0.08346,0.08339,0.08341,617569.4,51506.469415,0.0833893572854921,0.0833369192773104,0.0832991594754662,0.083289116247672,0.0833366834071593,0.0832565,0.0834481533328709,0.0832565,0.083064846667129,59.189004909114246,3.039900114570893e-05,-1.865326732378401e-06,3.2264327878087326e-05,92.79895731508503,94.65080916693792,6.902068217249167e-05,-1421432.9999999998,51506.469415,5229.409582849999,0.08311,0.08354,False,False,0,
2026-09-11 00:58:00+00:00,0.08341,0.08341,0.08337,0.08337,7143.3,595.586037,0.0833829048569947,0.083342933954163,0.0833059061920885,0.083292288159528,0.083337343141671,0.083259,0.0834551530015078,0.083259,0.0830628469984921,55.693163864765246,3.182847168940739e-05,4.873432951978758e-06,2.695503873742863e-05,85.85858585858482,92.1690018464202,6.694777630302788e-05,-1428576.2999999998,595.586037,5149.618642799999,0.08311,0.08354,False,False,0,
2026-09-11 00:59:00+00:00,0.08337,0.08345,0.08337,0.08344,4561.6,380.509906,0.0834019365713298,0.0833605823261334,0.0833186770309372,0.083298080780723,0.0833393759507468,0.0832675,0.0834789592159272,0.0832675,0.0830560407840728,60.1309765634735,3.816975520155863e-05,1.1532697401894734e-05,2.6637057799663892e-05,83.83838383838223,87.49864233735069,6.788007799566851e-05,-1424014.6999999995,380.509906,4922.6382020500005,0.08311,0.08354,False,False,0,
2026-09-11 01:00:00+00:00,0.08344,0.08345,0.08338,0.08345,89240.8,7445.425458,0.0834179577142199,0.0833768400850182,0.0833311839803718,0.0833040383971652,0.0833415665259795,0.0832785,0.0835034688867388,0.0832785,0.0830535311132611,60.73600990010856,4.350073510192565e-05,1.7926304941900918e-05,2.557443016002473e-05,87.87878787878599,85.85858585858433,6.803150099597795e-05,-1334773.8999999997,7445.425458,5184.25015385,0.08311,0.08354,False,False,0,
2026-09-11 01:01:00+00:00,0.08345,0.08351,0.08344,0.08351,55592.2,4641.283192,0.0834486384761466,0.0834010509786512,0.0833482140774792,0.0833121153227666,0.0833449018422968,0.0832965,0.0835346827029834,0.0832965,0.0830583172970165,64.24231008099375,5.1968018669426574e-05,2.473464768740605e-05,2.7233370982020523e-05,96.96969696969543,89.56228956228789,6.817210806769386e-05,-1279181.6999999995,4641.283192,5280.83287115,0.08311,0.08354,False,False,0,
2026-09-11 01:02:00+00:00,0.08351,0.08369,0.08348,0.08362,627654.0,52522.150678,0.0835057589840977,0.0834408598916237,0.0833740984510526,0.0833241892316777,0.0833503493305681,0.0833185,0.0835887054773695,0.0833185,0.0830482945226304,69.60185445265468,6.678463093834353e-05,3.314464433759355e-05,3.363998660074998e-05,94.82323232323137,93.22390572390424,7.830267177714443e-05,-651527.6999999997,52522.150678,7340.7669176,0.08311,0.08369,False,False,0,
2026-09-11 01:03:00+00:00,0.08362,0.08364,0.0836,0.08364,9095.1,760.613377,0.0835505059893985,0.0834770671840558,0.0833994224080952,0.0833365739676903,0.0833560849873886,0.083339,0.0836397257887186,0.083339,0.0830382742112813,70.46854731824331,7.922745102435791e-05,4.236120567494642e-05,3.6866245349411485e-05,92.85714285714322,94.88335738335668,7.556676665020643e-05,-642432.5999999997,760.613377,7336.94264865,0.08311,0.08369,False,False,0,
2026-09-11 01:04:00+00:00,0.08364,0.08364,0.08359,0.08363,21982.4,1838.50416,0.0835770039929323,0.0835048731505911,0.0834213821787528,0.0833480808709181,0.0833615090470442,0.0833615,0.0836781875431722,0.0833615,0.0830448124568278,69.40305238082196,8.727550150743058e-05,5.134406484144325e-05,3.5931436665987324e-05,88.69047619047619,92.1236171236169,7.374056903233514e-05,-664414.9999999998,1838.50416,7423.129091700001,0.08311,0.08369,False,True,-1,RSI cross down 70
2026-09-11 01:05:00+00:00,0.08363,0.08365,0.08355,0.08355,53355.6,4462.5473,0.0835680026619549,0.0835130780323018,0.0834336314950621,0.0833559992681371,0.0833652415411622,0.0833795,0.0836960738460461,0.0833795,0.0830629261539538,61.40418145971305,8.620459517359735e-05,5.831617090787408e-05,2.788842426572328e-05,82.00442967884818,87.85068290882252,7.561624267288284e-05,-717770.5999999997,4462.5473,7632.717103500001,0.08311,0.08369,False,False,0,
2026-09-11 01:06:00+00:00,0.08355,0.08358,0.08354,0.08358,29126.4,2433.810876,0.0835720017746366,0.0835252456627923,0.0834475713526752,0.083364783610563,0.0833694941839114,0.0833995,0.0837136639699272,0.0833995,0.0830853360300728,63.120700902065,8.677633983882049e-05,6.400820469406336e-05,2.276813514475713e-05,76.45348837209265,82.38279808047233,7.307222533910537e-05,-688644.1999999997,2433.810876,7743.3060771,0.08311,0.08369,False,False,0,
2026-09-11 01:07:00+00:00,0.08358,0.08364,0.08356,0.08361,37924.9,3169.313149,0.0835846678497577,0.0835406555422846,0.0834630407476585,0.0833743999395606,0.0833742566753191,0.0834225,0.083727450815707,0.0834225,0.0831175491842929,64.8063140444999,8.862854617382177e-05,6.893227299001504e-05,1.969627318380672e-05,73.41294783155267,77.29028862749783,7.35670663863129e-05,-650719.2999999997,3169.313149,7875.64831865,0.08311,0.08369,False,False,0,
2026-09-11 01:08:00+00:00,0.08361,0.08361,0.08356,0.08356,4050.9,338.566831,0.0835764452331718,0.0835441727164147,0.0834722749621672,0.0833816783733033,0.0833779347609564,0.0834414999999999,0.0837305864922482,0.0834414999999999,0.0831524135077517,59.89289307513135,8.508108907247236e-05,7.216203620650651e-05,1.2919052865965851e-05,70.72399434318017,73.53014351560849,7.188370450157687e-05,-654770.1999999997,338.566831,7874.93492735,0.08311,0.08369,False,False,0,
2026-09-11 01:09:00+00:00,0.08356,0.0836,0.08356,0.0836,4256.4,355.807325,0.0835842968221145,0.083554323131612,0.0834844392514846,0.0833902400057228,0.0833823320924226,0.083465,0.0837238049458576,0.083465,0.0832061950541423,62.35203094150757,8.452304047086578e-05,7.463423705937837e-05,9.888803411487414e-06,69.87612612612516,71.33768943361933,6.960629703717841e-05,-650513.7999999997,355.807325,7871.024511400001,0.08311,0.08369,False,False,0,
2026-09-11 01:10:00+00:00,0.0836,0.0836,0.08357,0.0836,84066.1,7026.540905,0.083589531214743,0.0835626280167734,0.0834954450370575,0.0833984658878513,0.0833866423480182,0.0834844999999999,0.0837213522746362,0.0834844999999999,0.0832476477253637,62.35203094150757,8.312259737308647e-05,7.633190912211999e-05,6.79068825096648e-06,67.70833333333148,69.43615126754558,6.677727582023625e-05,-650513.7999999997,7026.540905,8195.846641649998,0.08311,0.08369,False,False,0,
2026-09-11 01:11:00+00:00,0.0836,0.0836,0.0836,0.0836,89.7,7.49892,0.0835930208098287,0.0835694229228146,0.0835054026525758,0.0834063691863669,0.0833908672520178,0.083501,0.0837211726595205,0.083501,0.0832808273404795,62.35203094150756,8.10781180528991e-05,7.728115090827582e-05,3.796967144623287e-06,71.87499999999797,69.81981981981819,6.20074704045051e-05,-650513.7999999997,7.49892,8071.473531449999,0.08311,0.08369,False,False,0,
2026-09-11 01:12:00+00:00,0.0836,0.0836,0.08359,0.08359,5612.3,469.157666,0.0835920138732191,0.0835731642095756,0.0835134595428067,0.0834135703947447,0.0833948104747501,0.0835165,0.0837148204477615,0.0835165,0.0833181795522384,61.18072533599253,7.775463006069738e-05,7.737584673876013e-05,3.787833219372509e-07,70.83333333333171,70.13888888888705,5.829265108989731e-05,-656126.0999999997,469.157666,7190.159782750001,0.08311,0.08369,False,False,0,
2026-09-11 01:13:00+00:00,0.08359,0.08359,0.08354,0.08354,2303.0,192.438064,0.0835746759154794,0.0835671343532891,0.0835159872053965,0.0834185284184802,0.0833976855148541,0.0835275,0.0837042342637982,0.0835275,0.0833507657362017,55.5606560396409,7.027606106327355e-05,7.595588960366283e-05,-5.679828540389276e-06,64.0793010752684,68.92921146953269,5.770031886918997e-05,-658429.0999999997,192.438064,7175.23577755,0.08311,0.08369,False,False,0,
2026-09-11 01:14:00+00:00,0.08354,0.08358,0.08352,0.08354,105031.8,8776.347267,0.0835631172769862,0.0835622008345093,0.0835182741382159,0.0834232920099123,0.0834005036234708,0.083536,0.0836972947612302,0.083536,0.0833747052387697,55.56065603964091,6.361591656599275e-05,7.348789499612881e-05,-9.871978430136066e-06,53.45430107526945,62.78897849462317,5.7864581807105294e-05,-658429.0999999997,8776.347267,7441.254521500001,0.08311,0.08369,False,False,0,
2026-09-11 01:15:00+00:00,0.08354,0.08354,0.08344,0.08344,7959.5,664.333258,0.0835220781846575,0.0835399825009621,0.0835108194583858,0.0834239472252099,0.0834012857299367,0.083537,0.0836956316487978,0.083537,0.0833783683512022,45.80161390886103,4.9695678950564814e-05,6.872945178701601e-05,-1.90337728364512e-05,30.53763440860305,49.35707885304696,6.087425453516941e-05,-666388.5999999997,664.333258,7398.250743850001,0.08311,0.08369,False,False,0,
2026-09-11 01:16:00+00:00,0.08344,0.0835,0.08344,0.08347,1112.3,92.871656,0.0835047187897717,0.0835272584098781,0.0835069318909205,0.0834257532163781,0.0834026464085518,0.0835375,0.0836952181029568,0.0835375,0.0833797818970431,48.71206927318463,4.0616339748153485e-05,6.310682937924351e-05,-2.2490489631090023e-05,18.095238095238784,34.029057859703755,6.081180778265763e-05,-665276.2999999997,92.871656,7383.988772,0.08311,0.08369,False,True,-1,EMA5 cross down EMA20
2026-09-11 01:17:00+00:00,0.08347,0.0835,0.08347,0.0835,3176.8,265.2628,0.0835031458598478,0.0835223023353548,0.0835062717108328,0.0834286648549515,0.0834045742024419,0.083542,0.083689729482502,0.083542,0.083394270517498,51.51594162148783,3.543319547563706e-05,5.757210259852222e-05,-2.213890712288516e-05,14.285714285715237,20.97286226318568,5.8610964369610816e-05,-662099.4999999997,265.2628,4821.92844125,0.08311,0.08369,False,False,0,
2026-09-11 01:18:00+00:00,0.0835,0.08352,0.08345,0.08349,307245.1,25649.215355,0.0834987639065652,0.0835164291834721,0.0835047220240868,0.0834310701547574,0.0834062658023935,0.083548,0.0836756871175972,0.083548,0.0834203128824027,50.52440737872249,3.0170809558707767e-05,5.209184399055933e-05,-2.1921034431851564e-05,22.22222222222223,18.20105820105874,5.942446691463866e-05,-969344.5999999996,25649.215355,6074.60990715,0.08311,0.08369,False,False,0,
2026-09-11 01:19:00+00:00,0.08349,0.08349,0.08346,0.08348,11822.3,986.922008,0.0834925092710434,0.0835098056955681,0.0835023675456024,0.0834329889722179,0.0834077258855145,0.08355,0.083671983605457,0.08355,0.0834280163945429,49.49841982341501,2.4906309942202e-05,4.665473718088787e-05,-2.1748427238685872e-05,24.12698412698336,20.211640211640265,5.7322719277877925e-05,-981166.8999999996,986.922008,6104.93051225,0.08311,0.08369,False,False,0,
2026-09-11 01:20:00+00:00,0.08348,0.08353,0.08348,0.08353,2990.1,249.757251,0.0835050061806956,0.0835134773872829,0.083504999207926,0.0834367933262485,0.0834101471551082,0.0835539999999999,0.0836675605565339,0.0835539999999999,0.083440439443466,54.47618290455591,2.4486473377230426e-05,4.222108442015638e-05,-1.7734611042925957e-05,29.60317460317158,25.317460317459048,5.679966790088625e-05,-978176.7999999996,249.757251,5745.1471019,0.08311,0.08369,True,False,1,EMA5 cross up EMA20
2026-09-11 01:21:00+00:00,0.08353,0.08353,0.08327,0.08327,312031.8,26041.863254,0.0834266707871304,0.0834692087714133,0.0834826183309806,0.0834302524114937,0.083407371963918,0.0835419999999999,0.0837095231327318,0.0835419999999999,0.0833744768672681,35.10125984886055,3.137752725160259e-06,3.440441808115716e-05,-3.12666653559969e-05,21.666666666664582,25.132275132273165,7.131397733653698e-05,-1290208.5999999996,26041.863254,6815.1761050000005,0.08311,0.08369,False,True,-1,EMA5 cross down EMA20
2026-09-11 01:22:00+00:00,0.08327,0.08327,0.08325,0.08327,1699.5,141.486078,0.0833744471914203,0.0834329889947927,0.0834623689661253,0.0834239680031998,0.0834046517270087,0.0835244999999999,0.0837255447711339,0.0835244999999999,0.0833234552288659,35.10125984886055,-1.362421077973075e-05,2.479869230897958e-05,-3.842290308871033e-05,16.90476190475961,22.72486772486525,6.764869324106949e-05,-1290208.5999999996,141.486078,4196.142875,0.08311,0.08369,False,False,0,
2026-09-11 01:23:00+00:00,0.08327,0.08327,0.08326,0.08326,2362.7,196.726836,0.0833362981276135,0.0834015364502849,0.0834430957312562,0.0834175378854273,0.0834017873363749,0.0835055,0.0837297743855199,0.0835055,0.08328122561448,34.55308865439265,-2.7399262405747304e-05,1.4359101366034204e-05,-4.175836377178151e-05,2.857142857141842,13.809523809522004,6.353092943813568e-05,-1292571.2999999996,196.726836,4167.948547950001,0.08311,0.08369,False,False,0,
2026-09-11 01:24:00+00:00,0.08326,0.08339,0.08326,0.08338,58371.0,4864.72888,0.083350865418409,0.0833976207320513,0.0834370866139937,0.0834160658114889,0.0834013559039714,0.083493,0.0837159887889566,0.083493,0.0832700112110433,45.54339920502785,-2.8306789891588413e-05,5.82592311450968e-06,-3.41327130060981e-05,15.23809523809377,11.666666666665066,6.827872019255492e-05,-1234200.2999999996,4864.72888,4319.25978395,0.08313,0.08369,False,False,0,
2026-09-11 01:25:00+00:00,0.08338,0.08338,0.08332,0.08338,37159.5,3097.054775,0.083360576945606,0.0833944169625874,0.0834316497936134,0.0834146514659404,0.0834009330147838,0.0834845,0.0837110811113053,0.0834845,0.0832579188886946,45.54339920502785,-2.8695231199388216e-05,-1.0783077482698986e-06,-2.761692345111832e-05,25.714285714284472,14.603174603173352,6.768738303594319e-05,-1234200.2999999996,3097.054775,4250.9851577,0.08313,0.08369,False,False,0,
2026-09-11 01:26:00+00:00,0.08338,0.08338,0.08329,0.08329,14446.2,1203.405837,0.0833370512970707,0.0833754320602987,0.0834181593370788,0.0834097631731584,0.0833987363214218,0.0834699999999999,0.0837071497417252,0.0834699999999999,0.0832328502582747,39.73887056263897,-3.5852041555067826e-05,-8.033054509629484e-06,-2.781898704543834e-05,28.68347338935476,23.21195144724432,6.928114139051818e-05,-1248646.4999999995,1203.405837,4189.46490575,0.08313,0.08369,False,False,0,
2026-09-11 01:27:00+00:00,0.08329,0.08329,0.08325,0.08325,248.2,20.66265,0.0833080341980471,0.0833526262311535,0.0834021441621189,0.0834034979506816,0.0833957910477303,0.083452,0.0836983818175117,0.083452,0.0832056181824883,37.45409775313723,-4.424154207244291e-05,-1.527475202219217e-05,-2.896679005025074e-05,16.30252100840283,23.566760037347347,6.718963129119534e-05,-1248894.6999999995,20.66265,4032.0323808,0.08313,0.08369,False,False,0,
2026-09-11 01:28:00+00:00,0.08325,0.08325,0.08317,0.08317,9203.5,765.571734,0.0832620227986981,0.0833194214618529,0.083380035194298,0.0833943411683019,0.0833913199378742,0.0834324999999999,0.0837022313478266,0.0834324999999999,0.0831627686521733,33.32705371969226,-5.6692101827404695e-05,-2.355822198323468e-05,-3.313387984417002e-05,3.9215686274509047,16.302521008402824,6.81046576275393e-05,-1258098.1999999995,765.571734,4053.38262595,0.08313,0.08369,False,False,0,
2026-09-11 01:29:00+00:00,0.08317,0.08318,0.08317,0.08317,1850.2,153.882036,0.0832313485324654,0.0832922539233342,0.0833600318424601,0.0833855434754274,0.083386937364847,0.0834109999999999,0.0836922045518842,0.0834109999999999,0.0831297954481157,33.32705371969226,-6.580075004765373e-05,-3.200672759611849e-05,-3.379402245153524e-05,0.0,6.741363211951236,6.395432493985863e-05,-1258098.1999999995,153.882036,4043.2863615,0.08313,0.08369,False,False,0,
2026-09-11 01:30:00+00:00,0.08317,0.08319,0.08315,0.08316,1063.6,88.455781,0.0832075656883102,0.0832682077554552,0.0833409811907972,0.0833766986332537,0.0833824435556421,0.083389,0.0836763951982904,0.083389,0.0831016048017095,32.80305118906131,-7.29850100487095e-05,-4.020238408663669e-05,-3.2782625962072803e-05,0.8771929824558247,1.5995872033022336,6.224330172986862e-05,-1259161.7999999996,88.455781,3696.3821053,0.08313,0.08369,False,False,0,
2026-09-11 01:31:00+00:00,0.08316,0.08319,0.08316,0.08316,5358.3,445.74086,0.0831917104588735,0.0832485336180997,0.0833237448869118,0.0833682006476359,0.0833780387327581,0.083367,0.0836537821472833,0.083367,0.0830802178527166,32.80305118906131,-7.778196577547247e-05,-4.771830042440385e-05,-3.006366535106862e-05,1.754385964911645,0.8771929824558136,5.994020874916388e-05,-1259161.7999999996,445.74086,3718.294202300001,0.08313,0.08369,False,False,0,
2026-09-11 01:32:00+00:00,0.08316,0.08318,0.08312,0.08313,18177.4,1510.958764,0.0831711403059156,0.0832269820511724,0.0833052929929202,0.0833588594457679,0.0833731270746837,0.083344,0.0836293348909622,0.083344,0.0830586651090377,31.10163595163459,-8.304702264658181e-05,-5.478404486883945e-05,-2.8262977777742366e-05,2.567394094992643,1.732991014120028,5.994447955279536e-05,-1277339.1999999995,1510.958764,3770.3842572,0.08312,0.08369,False,False,0,
2026-09-11 01:33:00+00:00,0.08313,0.08321,0.08304,0.08304,69958.0,5816.549437,0.0831274268706104,0.0831929853145956,0.0832800269935944,0.083346355153777,0.0833665304989474,0.083319,0.0836185262926697,0.083319,0.0830194737073303,26.63786917021821,-9.340514956672484e-05,-6.250826580841653e-05,-3.0896883758308325e-05,1.6902011125368226,2.003993724147028,6.780558815616737e-05,-1347297.1999999995,5816.549437,4051.58982585,0.08304,0.08369,False,False,0,
2026-09-11 01:34:00+00:00,0.08304,0.08322,0.083,0.08322,835485.4,69417.972922,0.0831582845804069,0.0831978970755782,0.0832743101370616,0.0833414000497073,0.0833636289049088,0.0833029999999999,0.0835874011251743,0.0833029999999999,0.0830185988748255,43.96090654691294,-8.609707066292716e-05,-6.722602677931865e-05,-1.88710438836085e-05,14.64948611750255,6.30236044167733,7.867661757358384e-05,-511811.79999999946,69417.972922,7083.6711086,0.083,0.08369,True,False,1,RSI cross up 30
2026-09-11 01:35:00+00:00,0.08322,0.08342,0.08322,0.08342,166080.5,13834.629418,0.0832455230536046,0.0832382794254731,0.0832881853621034,0.0833444824006992,0.0833647451642175,0.083302,0.0835846021939059,0.083302,0.083019397806094,56.306480995178966,-6.343578866523092e-05,-6.646797915650112e-05,3.032190491270199e-06,47.16981132075489,21.169832850264743,8.734257346118443e-05,-345731.29999999946,13834.629418,7742.185916599999,0.083,0.08369,False,False,0,
2026-09-11 01:36:00+00:00,0.08342,0.0835,0.08329,0.08329,29843.4,2490.96848,0.0832603487024031,0.0832476831662961,0.0832883581847602,0.0833423458359658,0.0833632650619558,0.083293,0.0835648896835123,0.083293,0.0830211103164876,48.783481497915474,-5.532867839735944e-05,-6.424011900467278e-05,8.91144060731334e-06,66.5031446540881,42.77414736411517,9.61038182139571e-05,-375574.6999999995,2490.96848,7862.0907578,0.083,0.08369,False,False,0,
2026-09-11 01:37:00+00:00,0.08329,0.08335,0.08319,0.08319,84639.3,7052.104052,0.0832368991349354,0.0832371953178786,0.0832789907385926,0.0833363714894574,0.0833598340706299,0.0832774999999999,0.0835354050212781,0.0832774999999999,0.0830195949787218,43.92212650022721,-5.632363555617415e-05,-6.265682231497306e-05,6.333186758798918e-06,65.33333333333293,59.6687631027253,0.0001006678311986,-460213.9999999995,7052.104052,8201.4328204,0.083,0.08369,False,False,0,
2026-09-11 01:38:00+00:00,0.08319,0.08322,0.08318,0.08318,7698.8,640.509698,0.0832179327566236,0.0832267961691734,0.0832695630492028,0.0833302392741845,0.0833562729999244,0.0832619999999999,0.0835037105707255,0.0832619999999999,0.0830202894292744,43.45577144084444,-5.725901640074582e-05,-6.157726113212762e-05,4.318244731381802e-06,43.99999999999957,58.61215932914019,9.633441468448288e-05,-467912.79999999946,640.509698,6950.99753755,0.083,0.08369,False,False,0,
2026-09-11 01:39:00+00:00,0.08318,0.08318,0.08314,0.08316,97759.5,8129.673863,0.083198621837749,0.0832146514111419,0.0832591284730882,0.0833235632242165,0.0833523864058665,0.083246,0.0834695531256782,0.083246,0.0830224468743218,42.48419843040761,-5.893478183281731e-05,-6.104876527226556e-05,2.113983439448256e-06,35.33333333333257,48.22222222222168,9.231052792130544e-05,-565672.2999999995,8129.673863,7308.1351303,0.083,0.08369,False,False,0,
2026-09-11 01:40:00+00:00,0.08316,0.08316,0.08308,0.08309,45521.2,3784.299729,0.0831624145584993,0.083191987518207,0.0832430209994608,0.0833144038820904,0.0833471906354533,0.0832239999999999,0.0834157706964072,0.0832239999999999,0.0830322293035927,39.18225146783415,-6.516012760629519e-05,-6.187103773907149e-05,-3.289089867223704e-06,28.66666666666572,35.999999999999275,9.14312044983548e-05,-611193.4999999994,3784.299729,7484.862254199999,0.083,0.08369,False,False,0,
2026-09-11 01:41:00+00:00,0.08309,0.08309,0.08301,0.08301,49342.7,4097.659991,0.0831116097056662,0.083158898878533,0.0832208285233216,0.0833024664749496,0.083340513593167,0.083211,0.0834227451298153,0.083211,0.0829992548701846,35.76140295073806,-7.567673608857572e-05,-6.463217740897233e-05,-1.1044558679603391e-05,17.33333333333216,27.111111111110137,9.06146898913292e-05,-660536.1999999994,4097.659991,6387.652091049999,0.083,0.08369,False,False,0,
2026-09-11 01:42:00+00:00,0.08301,0.08308,0.08301,0.08308,18768.7,1558.622587,0.0831010731371108,0.0831445536278906,0.0832074162830053,0.0832937422994614,0.0833353549081538,0.0832015,0.0834187809241524,0.0832015,0.0829842190758476,40.64452912990567,-7.746978562780948e-05,-6.719969905273977e-05,-1.0270086575069713e-05,11.999999999999048,19.3333333333323,8.91422120419486e-05,-641767.4999999994,1558.622587,6458.5089165,0.083,0.08369,False,False,0,
2026-09-11 01:43:00+00:00,0.08308,0.08321,0.08308,0.08321,43202.4,3593.345438,0.0831373820914072,0.0831564529682741,0.0832076623512905,0.0832904582877178,0.0833328726327448,0.083199,0.0834146756824505,0.083199,0.0829833243175494,48.47753618289568,-6.762137959014092e-05,-6.728403516022e-05,-3.373444299209114e-07,19.99999999999964,16.444444444443608,9.206062546752406e-05,-598565.0999999994,3593.345438,6628.3398466,0.083,0.08369,False,False,0,
2026-09-11 01:44:00+00:00,0.08321,0.08322,0.08318,0.08322,2053.1,170.85357,0.0831649213942715,0.0831680069740425,0.0832088373654533,0.0832876952176112,0.0833306375311063,0.0831909999999999,0.0833904893480878,0.0831909999999999,0.0829915106519121,49.03470098217727,-5.8337057143656446e-05,-6.54946395569073e-05,7.157582413250859e-06,33.99999999999975,21.99999999999947,8.83420093627008e-05,-596511.9999999994,170.85357,6393.6460811,0.083,0.08369,False,False,0,
2026-09-11 01:45:00+00:00,0.08322,0.08326,0.08322,0.08322,29842.2,2484.316869,0.0831832809295143,0.0831774602514893,0.0832099004735053,0.0832850405031951,0.0833284466889062,0.0831829999999999,0.0833634549805368,0.0831829999999999,0.0830025450194631,49.03470098217727,-5.039820557284358e-05,-6.247535276009456e-05,1.207714718725098e-05,43.333333333333165,32.44444444444418,8.488900869393635e-05,-596511.9999999994,2484.316869,6363.0091858,0.083,0.08369,False,False,0,
2026-09-11 01:46:00+00:00,0.08322,0.08322,0.08315,0.08315,32077.3,2668.818732,0.0831721872863429,0.0831724674784912,0.0832041956665048,0.0832797447971875,0.0833249130911061,0.083176,0.0833500574617778,0.083176,0.0830019425382221,45.07728079671326,-4.9188014677473135e-05,-5.981788514357028e-05,1.0629870466097148e-05,39.33333333333286,38.88888888888858,8.382550807294094e-05,-628589.2999999995,2668.818732,6436.27983055,0.083,0.08369,False,False,0,
2026-09-11 01:47:00+00:00,0.08315,0.0832,0.08315,0.0832,3942.1,327.926675,0.0831814581908952,0.0831774733914928,0.0832037960792187,0.0832766175502389,0.0833224395645495,0.0831735,0.0833446461363879,0.0831735,0.083002353863612,48.28768183964449,-4.369070825316346e-05,-5.659244976548892e-05,1.2901741512325463e-05,37.999999999999126,40.22222222222171,8.140940035344477e-05,-624647.1999999995,327.926675,6451.6430318,0.083,0.08369,False,False,0,
2026-09-11 01:48:00+00:00,0.0832,0.08336,0.0832,0.08336,4434.5,369.45538,0.0832409721272635,0.083210660047585,0.0832186726431026,0.0832798874502296,0.0833231833355485,0.083183,0.0833724307261257,0.083183,0.0829935692738742,56.957988824350174,-2.612226922268923e-05,-5.0498413656928986e-05,2.4376144434239757e-05,47.14285714285641,41.49206349206279,8.702301461391352e-05,-620212.6999999995,369.45538,6431.8372141,0.083,0.08369,True,False,1,EMA5 cross up EMA20
2026-09-11 01:49:00+00:00,0.08336,0.08336,0.08334,0.08336,1065.5,88.812913,0.0832806480848423,0.0832378127662059,0.0832321323913785,0.083283029118848,0.0833239123784089,0.0831925,0.0833968404022716,0.0831925,0.0829881595977283,56.957988824350174,-1.2060133011082552e-05,-4.28107575277597e-05,3.075062451667715e-05,60.952380952380416,48.69841269841198,8.223565642720585e-05,-620212.6999999995,88.812913,6428.583757949999,0.083,0.08369,False,False,0,
2026-09-11 01:50:00+00:00,0.08336,0.08337,0.08335,0.08336,1225.6,102.15826,0.0833070987232282,0.0832600286268957,0.0832443102588663,0.0832860475847755,0.0833246269847771,0.0832025,0.0834187290452287,0.0832025,0.0829862709547712,56.957988824350174,-9.053524121227507e-07,-3.4429676504632314e-05,3.352432409250956e-05,80.0264550264554,62.70723104056407,7.779025239669157e-05,-620212.6999999995,102.15826,6429.2688819,0.083,0.08369,False,False,0,
2026-09-11 01:51:00+00:00,0.08336,0.08342,0.08336,0.08339,27325.5,2278.930132,0.0833347324821521,0.0832836597856419,0.0832581854723076,0.0832901241500785,0.08332592149993,0.083214,0.0834439913041845,0.083214,0.0829840086958154,58.58414560767124,1.023762785672122e-05,-2.5496215632361608e-05,3.5733843489082825e-05,87.11124016002192,76.03002537961923,7.651952008264151e-05,-592887.1999999995,2278.930132,6520.9283455,0.083,0.08369,False,False,0,
2026-09-11 01:52:00+00:00,0.08339,0.08341,0.08339,0.0834,4217.2,351.746485,0.0833564883214347,0.0833048125518888,0.0832716916178021,0.0832944330069381,0.0833273884009215,0.0832275,0.0834676561991715,0.0832275,0.0829873438008284,59.13832384294887,1.9648935727090144e-05,-1.646718536047126e-05,3.61161210875614e-05,95.00903342366944,87.38224287004891,7.248241150530942e-05,-588669.9999999995,351.746485,6462.967731549999,0.083,0.08365,False,False,0,
2026-09-11 01:53:00+00:00,0.0834,0.08343,0.08339,0.08339,7236.8,603.638169,0.0833676588809565,0.0833203011788181,0.0832829590827733,0.0832981807321563,0.0833286282345666,0.083245,0.0834788803112716,0.083245,0.0830111196887283,58.29823936070197,2.6000827241176583e-05,-7.97358284014169e-06,3.397441008131827e-05,92.760356174992,91.6268765862278,7.016223925493006e-05,-595906.7999999996,603.638169,6202.32216815,0.083,0.08365,False,False,0,
2026-09-11 01:54:00+00:00,0.08339,0.08343,0.08337,0.08343,4936.6,411.753505,0.083388439253971,0.083340246419033,0.0832969629796521,0.0833033501152089,0.0833306355962584,0.0832555,0.0835024392637887,0.0832555,0.0830085607362113,60.70292782859173,3.3871957889078375e-05,3.955253057023221e-07,3.347643258337605e-05,95.199380565235,94.32292338796547,6.943636502243538e-05,-590970.1999999996,411.753505,2752.0111973,0.083,0.08365,False,False,0,
2026-09-11 01:55:00+00:00,0.08343,0.08343,0.08337,0.08341,9501.5,792.496622,0.083395626169314,0.0833529288882997,0.0833077284101614,0.0833075324636321,0.0833322071686097,0.083255,0.083500642015951,0.083255,0.0830093579840489,58.87487347697058,3.80573513267396e-05,7.927890509909777e-06,3.012946081682982e-05,95.23809523809491,94.39927732610732,6.87623389494046e-05,-600471.6999999996,792.496622,2099.9045575000005,0.083,0.08364,False,False,0,
2026-09-11 01:56:00+00:00,0.08341,0.08352,0.08339,0.08349,32600.8,2722.091849,0.083427084112876,0.0833778509086088,0.0833250876091936,0.0833146880532936,0.0833353317791323,0.083265,0.0835309699231125,0.083265,0.0829990300768874,63.5972280757975,4.7284570101793766e-05,1.5799226428286578e-05,3.148534367350719e-05,96.13997113997048,95.52581564776678,7.313645759587508e-05,-567870.8999999996,2722.091849,2111.46072595,0.083,0.08364,False,False,0,
2026-09-11 01:57:00+00:00,0.08349,0.08349,0.08344,0.08347,57323.8,4785.29368,0.083441389408584,0.0833946052888618,0.0833388887892704,0.0833207787178703,0.0833379984765752,0.083279,0.0835569136556567,0.083279,0.0830010863443432,61.690050355764136,5.237957546570804e-05,2.311529623577087e-05,2.926427922993717e-05,91.6354666354664,94.33784433784392,7.148385348188362e-05,-625194.6999999996,4785.29368,1998.12020735,0.083,0.08361,False,False,0,
2026-09-11 01:58:00+00:00,0.08347,0.08352,0.08346,0.08346,52808.0,4409.071627,0.083447592939056,0.0834064952363414,0.0833504231902923,0.0833262383759931,0.0833404143483262,0.083293,0.0835776822790419,0.083293,0.0830083177209581,60.70973456267814,5.497674974835887e-05,2.948758693828847e-05,2.54891628100704e-05,87.81736281736386,91.8642668642669,7.066357823317698e-05,-678002.6999999996,4409.071627,2186.5483038,0.083,0.0836,False,False,0,
2026-09-11 01:59:00+00:00,0.08346,0.08358,0.08346,0.08356,96716.6,8078.700221,0.0834850619593706,0.0834344051933703,0.0833703828864549,0.0833354054985031,0.0833447625790524,0.083313,0.0836132732089289,0.083313,0.083012726791071,66.45108478866078,6.436226521484845e-05,3.646252259360047e-05,2.7899742621247985e-05,88.53970249319161,89.33084398200727,7.418760835937828e-05,-581286.0999999996,8078.700221,2183.9996217,0.083,0.0836,False,False,0,
2026-09-11 02:00:00+00:00,0.08356,0.0836,0.08355,0.08355,42431.9,3547.119443,0.0835067079729137,0.0834554224309393,0.0833874892782211,0.0833438209691501,0.0833488266863979,0.083336,0.0836348912845843,0.083336,0.0830371087154156,65.42156502160218,7.01843953927056e-05,4.320689715342149e-05,2.697749823928411e-05,89.34050329399231,88.56585620151593,7.245992204799373e-05,-623717.9999999997,3547.119443,2172.1406074,0.083,0.0836,False,False,0,
2026-09-11 02:01:00+00:00,0.08355,0.08355,0.08349,0.08351,181441.3,15151.54783,0.0835078053152758,0.0834653456253139,0.0833991569660096,0.0833503377938893,0.0833520182371623,0.0833609999999999,0.0836286490239109,0.0833609999999999,0.083093350976089,61.32857961917462,7.075518803469072e-05,4.8716555329675344e-05,2.203863270501537e-05,87.24590869939749,88.37537149552713,7.156992761599451e-05,-805159.2999999996,15151.54783,2724.83499935,0.083,0.0836,False,False,0,
2026-09-11 02:02:00+00:00,0.08351,0.08351,0.08339,0.08342,58670.1,4894.967301,0.0834785368768505,0.0834571009661659,0.0834011420168658,0.0833530696451093,0.0833533644106838,0.083378,0.0836133380547222,0.083378,0.0831426619452777,53.25531115443021,6.321657613841958e-05,5.1616559491424194e-05,1.1600016646995384e-05,65.71937321937385,80.76859507092121,7.502921850056598e-05,-863829.3999999996,4894.967301,2891.65223505,0.083,0.0836,False,False,0,
2026-09-11 02:03:00+00:00,0.08342,0.08347,0.08339,0.08344,32536.1,2714.479581,0.0834656912512337,0.0834539916995903,0.0834048427771643,0.0833564786786344,0.0833550799669079,0.0833894999999999,0.0836130598353918,0.0833894999999999,0.0831659401646081,54.68295615739343,5.8185281050018856e-05,5.293030380314313e-05,5.254977246875728e-06,48.08974358974477,67.01834183617203,7.538427432195389e-05,-831293.2999999996,2714.479581,2847.7089422,0.083,0.0836,False,False,0,
2026-09-11 02:04:00+00:00,0.08344,0.08357,0.08344,0.08355,13407.6,1119.870008,0.0834937941674891,0.0834714477542102,0.0834186672745772,0.0833640677500605,0.0833589397695434,0.083406,0.0836257635092558,0.083406,0.0831862364907441,61.62495080369085,6.23552318377435e-05,5.4815289410063205e-05,7.539942427680291e-06,48.64529914530025,54.15147198480628,7.928539758467183e-05,-817885.6999999996,1119.870008,2895.1597641,0.083,0.0836,False,False,0,
2026-09-11 02:05:00+00:00,0.08355,0.08361,0.08355,0.08355,164185.8,13720.317399,0.0835125294449927,0.0834857299807175,0.0834311751531889,0.0833713592108425,0.0833627231404435,0.0834225,0.083633296110022,0.0834225,0.0832117038899779,61.62495080369085,6.49116863655902e-05,5.6834568801168606e-05,8.077117564421588e-06,63.38888888888979,53.37464387464493,7.790786918576702e-05,-817885.6999999996,13720.317399,3456.9597905999995,0.083,0.08361,False,False,0,
2026-09-11 02:06:00+00:00,0.08355,0.08355,0.08348,0.0835,63483.4,5303.590191,0.0835083529633285,0.0834883245296779,0.0834377299005042,0.0833764039476722,0.0833654414940981,0.08344,0.0836119302184039,0.08344,0.083268069781596,57.02027855874418,6.2186268273548e-05,5.7904908695644494e-05,4.281359577903513e-06,69.44444444444485,60.492877492878286,7.734302138678371e-05,-881369.0999999996,5303.590191,3588.69836355,0.083,0.08361,False,False,0,
2026-09-11 02:07:00+00:00,0.0835,0.0835,0.08345,0.08345,19539.2,1630.887422,0.0834889019755523,0.0834813564333728,0.0834388984814086,0.0833792900673713,0.0833671159199575,0.0834525,0.0835845416600941,0.0834525,0.0833204583399058,52.77365292090988,5.5353689788067983e-05,5.73946649141292e-05,-2.040975126061211e-06,54.16666666666595,62.33333333333352,7.538994843058547e-05,-900908.2999999996,1630.887422,3653.8464009,0.083,0.08361,False,False,0,
2026-09-11 02:08:00+00:00,0.08345,0.08358,0.08345,0.08355,13517.6,1128.982837,0.0835092679837015,0.0834938370818505,0.0834494795784173,0.0833859845745332,0.0833707373868891,0.083462,0.0835933925416468,0.083462,0.0833306074583531,59.301989036025056,5.734692670357477e-05,5.738511727201832e-05,-3.81905684435416e-08,54.16666666666595,59.2592592592589,7.929066639982972e-05,-887390.6999999996,1128.982837,3691.8227737500006,0.083,0.08361,False,False,0,
2026-09-11 02:09:00+00:00,0.08355,0.08357,0.08349,0.08351,8876.2,741.535941,0.0835095119891344,0.0834967757942413,0.0834552434280918,0.0833908479245515,0.0833734950623962,0.0834695,0.0835936732660455,0.0834695,0.0833453267339545,55.96917029144628,5.506417013646792e-05,5.692092784490824e-05,-1.85675770844032e-06,54.2929292929276,54.20875420875316,7.934133308555694e-05,-896266.8999999996,741.535941,3724.45892515,0.083,0.08361,False,False,0,
2026-09-11 02:10:00+00:00,0.08351,0.08351,0.08347,0.0835,48771.6,4072.09425,0.0835063413260896,0.0834973620134701,0.0834595059587497,0.0833951283980985,0.0833760001106656,0.0834765,0.0835905657705028,0.0834765,0.0833624342294971,55.13492471418529,5.185045293845669e-05,5.5906832863617926e-05,-4.056379925161233e-06,59.84848484848381,56.10269360269245,7.65312378651599e-05,-945038.4999999997,4072.09425,3922.95572465,0.083,0.08361,False,False,0,
2026-09-11 02:11:00+00:00,0.0835,0.08354,0.08349,0.0835,23557.2,1967.578849,0.0835042275507264,0.0834978416473846,0.0834633625341069,0.0833992410099378,0.0833784555540187,0.083482,0.0835892567014242,0.083482,0.0833747432985757,55.13492471418529,4.874169498632341e-05,5.4473805288159023e-05,-5.7321103018356096e-06,51.51515151515096,55.21885521885412,7.463614944622052e-05,-945038.4999999997,1967.578849,3907.3881605,0.083,0.08361,False,False,0,
2026-09-11 02:12:00+00:00,0.0835,0.08354,0.08349,0.08351,5227.5,436.639889,0.0835061517004842,0.0835000522569511,0.0834678041975253,0.0834035844997441,0.0833810603945332,0.0834875,0.0835884702926627,0.0834875,0.0833865297073372,55.89731860188487,4.654831830031014e-05,5.288870789058925e-05,-6.340389590279108e-06,51.51515151515096,54.29292929292857,7.28764244857768e-05,-939810.9999999997,436.639889,3911.6328307,0.083,0.08361,False,False,0,
2026-09-11 02:13:00+00:00,0.08351,0.08359,0.08351,0.08359,7370.8,615.699986,0.0835341011336562,0.0835164063920509,0.0834794418929991,0.0834108949115189,0.0833851978124632,0.0834974999999999,0.0835974749968761,0.0834974999999999,0.0833975250031237,61.529464618180754,5.068116199873074e-05,5.244719871221755e-05,-1.7660367134868138e-06,65.15151515151364,56.06060606060517,7.338525130822108e-05,-932440.1999999996,615.699986,3912.23592155,0.083,0.08361,False,False,0,
2026-09-11 02:14:00+00:00,0.08359,0.0836,0.08359,0.0836,2413.0,201.7268,0.0835560674224374,0.0835316052298598,0.0834909236174753,0.0834183107973417,0.0833894513211273,0.083506,0.0836103839068074,0.083506,0.0834016160931925,62.17963815157654,5.41393026513709e-05,5.278561950004823e-05,1.3536831513226736e-06,80.30303030302726,65.65656565656394,6.885773335763358e-05,-930027.1999999996,201.7268,3901.7345863,0.083,0.08361,False,False,0,
2026-09-11 02:15:00+00:00,0.0836,0.0836,0.08347,0.08347,90420.2,7552.027445,0.0835273782816249,0.0835204042789762,0.0834889308920015,0.0834203378248969,0.0833910463444713,0.083509,0.0836053119930247,0.083509,0.0834126880069753,50.282423580563545,4.5861329628194e-05,5.1400761525677386e-05,-5.539431897483383e-06,74.24242424242138,73.23232323232075,7.322503811780198e-05,-1020447.3999999994,7552.027445,4239.71112745,0.083,0.08361,False,False,0,
2026-09-11 02:16:00+00:00,0.08347,0.08347,0.08344,0.08347,29128.9,2430.750391,0.0835082521877499,0.0835112398646169,0.0834871279499061,0.0834222853611754,0.0833926097831947,0.083508,0.0836054884608576,0.083508,0.0834105115391423,50.28242358056353,3.885310199319703e-05,4.889122961918132e-05,-1.0038127625984292e-05,56.06060606060377,70.20202020201747,7.013753539510201e-05,-1020447.3999999994,2430.750391,4225.144054549999,0.083,0.08361,False,False,0,
2026-09-11 02:17:00+00:00,0.08347,0.08351,0.08341,0.08341,95346.7,7955.370819,0.0834755014585,0.0834928326165047,0.0834797824308674,0.0834218035823058,0.0833929541439235,0.083505,0.0836103565375304,0.083505,0.0833996434624696,45.6110515738572,2.81332301766829e-05,4.473962973068164e-05,-1.6606399553998736e-05,24.242424242423485,51.51515151514954,7.227056858116636e-05,-1115794.0999999994,7955.370819,4383.6479115,0.083,0.08361,False,True,-1,EMA5 cross down EMA20
2026-09-11 02:18:00+00:00,0.08341,0.08341,0.08338,0.08339,5750.3,479.518915,0.0834470009723333,0.0834741357771402,0.0834712317231658,0.0834205563829997,0.083392895646024,0.0835014999999999,0.0836167865993964,0.0835014999999999,0.0833862134006035,44.13902904833311,1.7818421999341028e-05,3.935538818441351e-05,-2.1536966185072485e-05,13.570487483531986,31.291172595519736,6.925124225394036e-05,-1121544.3999999994,479.518915,4187.170275899999,0.083,0.08361,False,False,0,
2026-09-11 02:19:00+00:00,0.08339,0.08339,0.08339,0.08339,0.0,0.0,0.0834280006482222,0.0834588383631147,0.0834634953685786,0.0834193580934703,0.0833928383064988,0.083493,0.0836146716893956,0.083493,0.0833713283106043,44.1390290483331,9.53396064103107e-06,3.3391102675737025e-05,-2.385714203470596e-05,2.9644268774732936,13.592446201142913,6.430472495008748e-05,-1121544.3999999994,0.0,3783.23526485,0.083,0.08361,False,False,0,
2026-09-11 02:20:00+00:00,0.08339,0.0834,0.08338,0.0834,508.1,42.37374,0.0834186670988148,0.083448140478912,0.0834574481906187,0.0834185989525499,0.0833929801222117,0.0834855,0.0836106359260979,0.0834855,0.083360364073902,45.16524705987435,3.7323574612613264e-06,2.7459353632841888e-05,-2.372699617158056e-05,5.99472990777728,7.50988142292751,6.114010173936738e-05,-1121036.299999999,42.37374,3607.9979797,0.083,0.08361,False,False,0,
2026-09-11 02:21:00+00:00,0.0834,0.08343,0.08338,0.08338,58434.9,4872.926972,0.0834057780658765,0.083435751300928,0.0834500721724645,0.0834170852681362,0.0833927230900887,0.083479,0.0836116499151918,0.083479,0.0833463500848081,43.44616244555391,-2.451033719041984e-06,2.1477276162465117e-05,-2.3928309881507097e-05,4.54545454545704,4.501537110235861,6.034438018655602e-05,-1179471.1999999993,4872.926972,3094.0669368,0.083,0.08361,False,False,0,
2026-09-11 02:22:00+00:00,0.08338,0.08343,0.08338,0.08342,17948.4,1497.383628,0.0834105187105843,0.083432887428032,0.0834472081560393,0.0834171995713465,0.0833932632269186,0.083479,0.0836116499151918,0.083479,0.0833463500848081,47.73115841125501,-4.076755769480411e-06,1.636646977607601e-05,-2.044322554555642e-05,9.090909090909866,6.543697848048052,5.96054958875169e-05,-1161522.799999999,1497.383628,2924.18775315,0.083,0.08361,False,False,0,
2026-09-11 02:23:00+00:00,0.08342,0.08342,0.08333,0.08333,5447.7,454.02233,0.0833836791403895,0.0834141806229352,0.0834360454745118,0.0834137799803134,0.0833920104897519,0.0834735,0.083620506802565,0.0834735,0.0833264931974349,40.32734926044751,-1.24834980509414e-05,1.0596476210672527e-05,-2.307997426161393e-05,6.060606060605879,6.5656565656575845,6.17765318955509e-05,-1166970.4999999993,454.02233,2811.1648906,0.083,0.08361,False,False,0,
2026-09-11 02:24:00+00:00,0.08333,0.08333,0.08325,0.08325,36821.2,3066.84272,0.0833391194269263,0.0833843296005834,0.0834183268578916,0.0834073572359874,0.0833891984008459,0.0834585,0.0836303458611675,0.0834585,0.0832866541388324,35.11348900957201,-2.53094813421062e-05,3.415284700116784e-06,-2.8724766042222983e-05,6.060606060605878,7.070707070707198,6.307820818872561e-05,-1203791.6999999993,3066.84272,2908.5135262,0.08301,0.08361,False,False,0,
2026-09-11 02:25:00+00:00,0.08325,0.08327,0.08322,0.08322,57820.9,4813.395262,0.0832994129512842,0.0833544514913864,0.0833994385857114,0.0834000098933996,0.0833858479374628,0.083442,0.0836373048898527,0.083442,0.0832466951101472,33.37109595693505,-3.7463063905368577e-05,-4.760385020980288e-06,-3.270267888438829e-05,0.0,4.040404040403909,6.214405046095911e-05,-1261612.5999999992,4813.395262,2463.16741935,0.08301,0.08361,False,False,0,
2026-09-11 02:26:00+00:00,0.08322,0.08323,0.08319,0.08319,120501.0,10028.162252,0.0832629419675228,0.0833245512202252,0.0833794920537389,0.0833917742113055,0.0833819697604834,0.0834265,0.0836483355246582,0.0834265,0.0832046644753417,31.678247888557024,-4.89513344161252e-05,-1.3598574900009272e-05,-3.535275951611593e-05,0.0,2.0202020202019497,6.056233257089049e-05,-1382113.5999999992,10028.162252,2699.3960224,0.08301,0.08361,False,False,0,
2026-09-11 02:27:00+00:00,0.08319,0.08321,0.08318,0.08321,9358.4,778.591748,0.0832452946450152,0.0833037237256388,0.0833633499533828,0.0833846458108621,0.0833785644186916,0.0834144999999999,0.0836551221103731,0.0834144999999999,0.0831738778896268,34.07909283036449,-5.579882459501306e-05,-2.2038624839010032e-05,-3.376019975600303e-05,2.3809523809526265,0.793650793650866,5.837930881582704e-05,-1372755.1999999993,778.591748,2656.7812387,0.08301,0.08361,False,False,0,
2026-09-11 02:28:00+00:00,0.08321,0.0833,0.08321,0.0833,569.1,47.397013,0.0832635297633434,0.0833030466846136,0.0833573166244892,0.0833813263672989,0.0833770086876284,0.083402,0.0836391160053653,0.083402,0.0831648839946346,43.67155464390287,-5.334829610730008e-05,-2.8300559092668043e-05,-2.5047737014632032e-05,11.904761904761992,4.761904761904863,6.063792961469603e-05,-1372186.0999999992,47.397013,2602.7019475,0.08301,0.08361,False,False,0,
2026-09-11 02:29:00+00:00,0.0833,0.0833,0.08322,0.08322,36371.0,3027.230196,0.083249019842229,0.0832879472874111,0.0833442388507283,0.0833749998430911,0.0833738996047051,0.0833874999999999,0.0836317846700069,0.0833874999999999,0.083143215329993,38.33204846699599,-5.720217497182101e-05,-3.408088226849864e-05,-2.312129270332237e-05,15.945165945165906,10.076960076960164,6.202093464221751e-05,-1408557.0999999992,3027.230196,2716.98666025,0.08301,0.08361,False,False,0,
2026-09-11 02:30:00+00:00,0.08322,0.08326,0.08322,0.08324,25128.3,2092.081894,0.0832460132281526,0.0832792295987909,0.0833343113411352,0.0833697057315974,0.0833712481273842,0.0833745,0.0836211150846976,0.0833745,0.0831278849153023,40.29731297321646,-5.7974277501329774e-05,-3.885956131506487e-05,-1.9114716186264906e-05,19.624819624818457,15.824915824915442,6.0448010739201854e-05,-1383428.799999999,2092.081894,2617.98604245,0.08301,0.08361,False,False,0,
2026-09-11 02:31:00+00:00,0.08324,0.0833,0.08324,0.08326,1628.1,135.571863,0.0832506754854351,0.0832757333081016,0.0833272340705509,0.0833654035460445,0.0833690451941686,0.0833624999999999,0.083606866527987,0.0833624999999999,0.0831181334720129,42.27831611205086,-5.632308401305741e-05,-4.235226585466338e-05,-1.397081815839403e-05,20.76767676767531,18.77922077921988,6.0416009972116325e-05,-1381800.699999999,135.571863,2526.38569315,0.08301,0.08361,False,False,0,
2026-09-11 02:32:00+00:00,0.08326,0.08326,0.08325,0.08325,8824.4,734.6313,0.0832504503236234,0.0832710545248104,0.0833198784447841,0.0833608779167879,0.083366687863591,0.0833494999999999,0.0835887049330603,0.0833494999999999,0.0831102950669396,41.53619853120946,-5.518527619159663e-05,-4.491886792205003e-05,-1.02664082695466e-05,26.060606060604808,22.15103415103285,5.681486640267917e-05,-1390625.099999999,734.6313,2541.2852637,0.08308,0.08361,False,False,0,
2026-09-11 02:33:00+00:00,0.08325,0.08328,0.08325,0.08328,6737.7,561.006173,0.0832603002157489,0.0832726809748449,0.0833160804976618,0.0833577062337766,0.0833649712722328,0.083334,0.0835476726468232,0.083334,0.0831203273531768,44.67375924830592,-5.127177688769857e-05,-4.618944971517974e-05,-5.08232717251883e-06,33.33333333333334,26.720538720537814,5.489951880248796e-05,-1383887.399999999,561.006173,2538.55057305,0.08315,0.08361,False,False,0,
2026-09-11 02:34:00+00:00,0.08328,0.08331,0.08327,0.08331,3234.7,269.413851,0.0832768668104993,0.0832794662521458,0.0833155014026464,0.0833558354010795,0.0833638827321886,0.0833195,0.0834949394482448,0.0833195,0.0831440605517552,47.69662911159792,-4.5228188807575065e-05,-4.599719753365881e-05,7.690087260837447e-07,39.99999999999927,33.13131313131246,5.383526745945299e-05,-1380652.699999999,269.413851,2541.9349256,0.08315,0.08361,False,False,0,
2026-09-11 02:35:00+00:00,0.08331,0.08331,0.08325,0.08331,71736.1,5973.173106,0.0832879112069995,0.0832850178426647,0.0833149774595372,0.0833540379343705,0.0833628157473928,0.0833115,0.0834727792609123,0.0833115,0.0831502207390876,47.69662911159792,-3.997776294643873e-05,-4.47933106162148e-05,4.815547669776067e-06,47.99999999999801,40.444444444443526,5.427560549806282e-05,-1380652.699999999,5973.173106,2462.99220865,0.08315,0.08361,False,False,0,
2026-09-11 02:36:00+00:00,0.08331,0.08334,0.08331,0.08334,59.9,4.992066,0.0833052741379997,0.0832950145985439,0.0833173605586289,0.0833534874271403,0.0833623639504147,0.0833049999999999,0.0834498447444695,0.0833049999999999,0.0831601552555304,50.81339716423846,-3.301543199600576e-05,-4.2437734892173e-05,9.422302896167231e-06,56.88888888888653,48.29629629629459,5.254163367677278e-05,-1380592.799999999,4.992066,2341.7042924,0.08315,0.08361,False,False,0,
2026-09-11 02:37:00+00:00,0.08334,0.08347,0.08334,0.08347,131289.8,10953.305485,0.0833601827586664,0.0833268301260813,0.0833318976482833,0.0833580565476446,0.0833644953573372,0.083308,0.0834635120574117,0.083308,0.0831524879425882,61.51546748853091,-1.6813999690154513e-05,-3.7312987851769296e-05,2.0498988161614783e-05,72.88888888888772,59.25925925925741,5.807437412843224e-05,-1249302.999999999,10953.305485,2491.6010257000003,0.08318,0.08361,True,False,1,EMA5 cross up EMA20
2026-09-11 02:38:00+00:00,0.08347,0.08347,0.08345,0.08345,49613.8,4140.272854,0.0833901218391109,0.083349224648612,0.0833431454913039,0.0833616621732271,0.083366188518578,0.083311,0.0834748169710391,0.083311,0.0831471830289608,59.37506048199055,-5.524398884265702e-06,-3.095527005826858e-05,2.543087117400288e-05,86.59003831417554,72.12260536398325,5.53547759764018e-05,-1298916.799999999,4140.272854,2674.63872265,0.08318,0.08361,False,False,0,
2026-09-11 02:39:00+00:00,0.08345,0.08353,0.08345,0.08353,911.7,76.149906,0.0834367478927406,0.0833820928943189,0.0833609411587988,0.08336826365663,0.0833694323102893,0.083318,0.0835050401026529,0.083318,0.083130959897347,64.67041717302203,9.765452446672264e-06,-2.281112555728041e-05,3.257657800395268e-05,97.70114942528664,85.72669220944995,5.7115149120944296e-05,-1298005.0999999992,76.149906,2678.44621795,0.08318,0.08361,False,False,0,
2026-09-11 02:40:00+00:00,0.08353,0.08354,0.08349,0.0835,26253.5,2192.438533,0.0834578319284937,0.0834035305498973,0.0833741848579608,0.0833734297877425,0.0833720178090955,0.083323,0.0835234095806104,0.083323,0.0831225904193896,61.43638669728051,1.9240231096881444e-05,-1.4400854226448042e-05,3.364108532332948e-05,93.99744572158308,92.76287782034842,5.6606924183734586e-05,-1324258.5999999992,2192.438533,2785.9494576,0.08318,0.08361,False,False,0,
2026-09-11 02:41:00+00:00,0.0835,0.08354,0.0835,0.08354,27310.8,2281.094032,0.0834852212856625,0.0834283431771887,0.0833899767762502,0.0833799619529291,0.0833753441891134,0.083331,0.0835516263810165,0.083331,0.0831103736189835,64.0199750933464,2.963511202114244e-05,-5.593660976929946e-06,3.522877299807239e-05,96.29629629629646,95.99829714772204,5.5420715313467714e-05,-1296947.799999999,2281.094032,2656.3578106,0.08318,0.08361,False,False,0,
2026-09-11 02:42:00+00:00,0.08354,0.08354,0.08353,0.08353,20413.9,1705.37451,0.083500147523775,0.0834468262358816,0.0834033123213693,0.0833858457979123,0.0833784066804181,0.0833365,0.0835707882839589,0.0833365,0.083102211716041,62.885690246729794,3.664380662539435e-05,2.853832543534913e-06,3.3789974081859435e-05,95.25462962962877,95.1827905491694,5.21763785053636e-05,-1317361.699999999,1705.37451,2666.7573547,0.08318,0.08361,False,False,0,
2026-09-11 02:43:00+00:00,0.08353,0.08353,0.08342,0.08343,99991.6,8350.25045,0.08347676501585,0.0834437669202668,0.0834058540050484,0.0833875773352491,0.0833794283303108,0.0833415,0.0835792624865289,0.0833415,0.083103737513471,52.809363426151286,3.374014790649693e-05,9.031095616127316e-06,2.4709052290369612e-05,87.4999999999991,93.01697530864142,5.630663718355184e-05,-1417353.299999999,8350.25045,3061.5687607,0.08318,0.08361,False,False,0,
2026-09-11 02:44:00+00:00,0.08343,0.08343,0.08343,0.08343,90.0,7.5087,0.0834611766772333,0.0834412638438546,0.0834081536236152,0.0833892409691609,0.0833804297495126,0.0833505,0.0835873522746364,0.0833505,0.0831136477253636,52.809363426151286,3.108069850671358e-05,1.344101619424457e-05,1.7639682312469008e-05,75.27777777777736,86.01080246913506,5.2284734527583854e-05,-1417353.299999999,7.5087,2908.6020597,0.08318,0.08361,False,False,0,
2026-09-11 02:45:00+00:00,0.08343,0.0835,0.08343,0.0835,41456.6,3461.506354,0.0834741177848222,0.083451943144972,0.0834169008975566,0.0833935844605663,0.083382797477245,0.0833645,0.0836019426246494,0.0833645,0.0831270573753505,58.241411781136826,3.422693389426579e-05,1.7598199734248814e-05,1.6628734160016974e-05,71.72174329501995,78.16650702426546,5.355011063275648e-05,-1375896.699999999,3461.506354,2841.0076143,0.08318,0.08361,False,False,0,
2026-09-11 02:46:00+00:00,0.0835,0.0835,0.08347,0.08348,4288.3,358.020841,0.0834760785232148,0.0834570443913407,0.0834229103358845,0.08339697330525,0.0833847222796758,0.083379,0.083607289290157,0.083379,0.0831507107098429,56.249176622602064,3.470644100538045e-05,2.1019847988475144e-05,1.3686593016905308e-05,76.28352490421464,74.42768199233731,5.186795987327404e-05,-1380184.999999999,358.020841,2357.50054375,0.08318,0.08361,False,False,0,
2026-09-11 02:47:00+00:00,0.08348,0.08352,0.08343,0.08352,869.1,72.544677,0.0834907190154765,0.0834684908656424,0.0834321569705622,0.0834017978815147,0.0833874010464149,0.0833945,0.0836168038461215,0.0833945,0.0831721961538784,59.25135541571756,3.787749140861385e-05,2.4391376672502885e-05,1.3486114736110963e-05,86.20689655172305,78.07072158365254,5.459167702518253e-05,-1379315.899999999,72.544677,2322.1981902,0.08318,0.08361,False,False,0,
2026-09-11 02:48:00+00:00,0.08352,0.08356,0.08351,0.08356,8583.2,716.929492,0.0835138126769843,0.083485128890071,0.0834443324971753,0.0834080018861612,0.083390818847476,0.0834075,0.0836364868991894,0.0834075,0.0831785131008105,62.05540041998758,4.312116347486572e-05,2.813733403297545e-05,1.4983829441890268e-05,90.80459770114815,84.43167305236194,5.426370009481196e-05,-1370732.699999999,716.929492,2355.67481415,0.08318,0.08361,False,False,0,
2026-09-11 02:49:00+00:00,0.08356,0.08356,0.08354,0.08354,6871.9,574.078526,0.0835225417846562,0.0834951054555126,0.0834534436879205,0.0834131782827823,0.0833937729297042,0.0834235,0.0836423401242926,0.0834235,0.0832046598757073,59.83819966160552,4.514260268945192e-05,3.153838776427075e-05,1.3604214925181168e-05,95.03448275862102,90.68199233716406,5.181629294518199e-05,-1377604.599999999,574.078526,2233.01723065,0.08318,0.08361,False,False,0,
2026-09-11 02:50:00+00:00,0.08354,0.08358,0.08352,0.08352,62384.7,5212.861953,0.0835216945231041,0.0834996317363285,0.0834597823843091,0.083417367369732,0.0833962724756506,0.0834375,0.0836430115568536,0.0834375,0.0832319884431463,57.621068298681,4.461646415171439e-05,3.415400304175948e-05,1.0462461109954907e-05,89.00000000000057,91.61302681992323,5.240084344909788e-05,-1439989.2999999989,5212.861953,2389.0562336,0.08318,0.08361,False,False,0,
2026-09-11 02:51:00+00:00,0.08352,0.08352,0.08351,0.08351,338.1,28.237213,0.0835177963487361,0.0835015168751779,0.0834645650143749,0.0834210000218994,0.0833985245058357,0.08345,0.0836406829829859,0.08345,0.0832593170170141,56.49394991033786,4.289807681699676e-05,3.5902817796806934e-05,6.9952590201898215e-06,74.41666666666777,86.1503831417631,4.937221177416204e-05,-1440327.399999999,28.237213,2383.6895011,0.08318,0.08361,False,False,0,
2026-09-11 02:52:00+00:00,0.08351,0.08353,0.0835,0.08352,28963.9,2419.062734,0.0835185308991574,0.0835048774433273,0.0834698445368154,0.0834248823739818,0.0834009299611657,0.0834635,0.0836326478643093,0.0834635,0.0832943521356907,57.391521178777744,4.186061577905742e-05,3.709437739325704e-05,4.766238385800386e-06,64.58333333333304,76.00000000000044,4.798848236172106e-05,-1411363.499999999,2419.062734,2467.9110728,0.08318,0.08361,False,False,0,
2026-09-11 02:53:00+00:00,0.08352,0.08352,0.0834,0.0834,135791.1,11330.425544,0.0834790205994382,0.0834858088172678,0.0834631926761663,0.0834239065946099,0.0834009115460931,0.0834695,0.0836196299437167,0.0834695,0.0833193700562832,45.3109298975015,3.099809655242314e-05,3.587512122509025e-05,-4.877024672667115e-06,39.58333333333352,59.527777777778105,5.313216219302635e-05,-1547154.5999999992,11330.425544,3006.38204135,0.08318,0.08361,False,False,0,
2026-09-11 02:54:00+00:00,0.0834,0.08347,0.08337,0.08346,10666.2,889.615996,0.0834726803996255,0.0834811163050373,0.0834628886117695,0.0834253220222723,0.0834020816144873,0.083477,0.0836083164117709,0.083477,0.083345683588229,50.878512310167245,2.692064591557075e-05,3.408422616318635e-05,-7.1635802476156e-06,35.11904761904821,46.42857142857158,5.647986489352468e-05,-1536488.3999999992,889.615996,3037.3921486000004,0.08318,0.08361,False,False,0,
2026-09-11 02:55:00+00:00,0.08346,0.08348,0.08345,0.08347,134176.8,11199.594444,0.0834717869330836,0.0834790951586669,0.083463565886839,0.0834270740998302,0.0834034265330123,0.083485,0.0835918644000609,0.083485,0.083378135599939,51.75998125494946,2.4216994893369592e-05,3.2110779909223e-05,-7.893785015853409e-06,30.15873015873143,34.95370370370438,5.458844597255879e-05,-1402311.5999999992,11199.594444,3298.7132155,0.08318,0.0836,False,False,0,
2026-09-11 02:56:00+00:00,0.08347,0.08352,0.08347,0.0835,455.7,38.052746,0.0834811912887224,0.0834828960389092,0.0834670358023782,0.0834299339390526,0.0834053388788932,0.083493,0.0835766899038139,0.083493,0.083409310096186,54.40344566572245,2.421593503387776e-05,3.053181093415396e-05,-6.3158759002762016e-06,50.793650793652695,38.69047619047743,5.426069983166134e-05,-1401855.8999999992,38.052746,3300.3662495,0.08318,0.0836,False,False,0,
2026-09-11 02:57:00+00:00,0.0835,0.0835,0.08347,0.08347,1915.6,159.89693,0.0834774608591483,0.0834805513045621,0.0834673181069136,0.0834315051571289,0.083406619297133,0.083493,0.0835766899038139,0.083493,0.083409310096186,51.37181960224377,2.1545977194864507e-05,2.873464418629607e-05,-7.188666991431561e-06,52.38095238095365,44.44444444444592,5.252779270082855e-05,-1403771.4999999993,159.89693,2760.69582175,0.08318,0.0836,False,False,0,
2026-09-11 02:58:00+00:00,0.08347,0.08347,0.08347,0.08347,0.0,0.0,0.0834749739060988,0.0834786328855508,0.0834675735253028,0.0834330147588102,0.0834078743605561,0.083494,0.083576073138117,0.083494,0.0834119268618829,51.37181960224377,1.920859168344502e-05,2.682943368572586e-05,-7.620842002280841e-06,52.38095238095366,51.851851851853326,4.877580750791223e-05,-1403771.4999999993,0.0,2553.6821790500003,0.08318,0.0836,False,False,0,
2026-09-11 02:59:00+00:00,0.08347,0.08349,0.08347,0.08349,59.8,4.992702,0.0834799826040659,0.0834806996336325,0.0834697093800358,0.0834352494741509,0.0834095006108421,0.083492,0.0835723990049713,0.083492,0.0834116009950286,53.38042951196482,1.8753847004324142e-05,2.521431634944552e-05,-6.460469345121378e-06,50.79365079365049,51.851851851852594,4.672039268591795e-05,-1403711.6999999993,4.992702,2550.12431885,0.08318,0.0836,False,False,0,
2026-09-11 03:00:00+00:00,0.08349,0.08352,0.08349,0.08352,14601.9,1219.259128,0.0834933217360439,0.0834878451547902,0.0834744989628896,0.0834385730241842,0.0834116887175581,0.083493,0.083574264998618,0.083493,0.0834117350013819,56.29651086131744,2.0577008899541616e-05,2.4286854859464745e-05,-3.709845959923126e-06,58.73015873015749,53.96825396825387,4.552607892263826e-05,-1389109.799999999,1219.259128,2501.4653486,0.08318,0.0836,False,False,0,
2026-09-11 03:01:00+00:00,0.08352,0.08352,0.08348,0.0835,4135.8,345.29748,0.0834955478240293,0.0834900551266465,0.0834769276330905,0.0834409819251966,0.0834134374558243,0.083491,0.0835694601809862,0.083491,0.0834125398190138,53.8769966905344,2.0175474670453e-05,2.3464578821662395e-05,-3.289104151209397e-06,63.49206349206256,57.67195767195684,4.513135899959255e-05,-1393245.5999999994,345.29748,2404.675521,0.08318,0.0836,False,False,0,
2026-09-11 03:02:00+00:00,0.0835,0.08351,0.08347,0.0835,61534.8,5138.009942,0.0834970318826862,0.083491863285438,0.0834791250013676,0.0834432963595026,0.0834151515656099,0.0834895,0.0835660441049355,0.0834895,0.0834129558950644,53.8769966905344,1.9630962386468772e-05,2.2697855534623674e-05,-3.066893148154899e-06,65.07936507936573,62.43386243386192,4.47648333567644e-05,-1393245.5999999994,5138.009942,2576.3072926,0.08318,0.0836,False,False,0,
2026-09-11 03:03:00+00:00,0.0835,0.0835,0.0835,0.0835,0.0,0.0,0.0834980212551241,0.0834933426880857,0.0834811130964755,0.083445520031679,0.0834168317326275,0.083493,0.0835645821206754,0.083493,0.0834214178793246,53.8769966905344,1.8980635527077183e-05,2.1954411533114376e-05,-2.973776006037193e-06,61.9047619047638,63.49206349206401,4.156734525985265e-05,-1393245.5999999994,0.0,2158.7947701000003,0.08318,0.0836,False,False,0,
2026-09-11 03:04:00+00:00,0.0835,0.0835,0.08343,0.08345,50685.3,4230.934079,0.0834820141700827,0.0834854621993428,0.0834781499444302,0.0834456957167112,0.0834174885300012,0.083494,0.0835625273667988,0.083494,0.0834254726332011,47.50235354996432,1.4266212654032162e-05,2.0416771757297936e-05,-6.150559103265774e-06,57.9365079365092,61.6402116402129,4.359824916986322e-05,-1443930.8999999994,4230.934079,2369.9660390500003,0.08318,0.0836,False,False,0,
2026-09-11 03:05:00+00:00,0.08345,0.08345,0.08341,0.08341,3693.1,308.043269,0.0834580094467218,0.0834717417994623,0.083471659473532,0.0834442958846833,0.0834173402422785,0.0834895,0.0835670822144591,0.0834895,0.0834119177855408,43.10809138005583,7.219115387077646e-06,1.7777240483253878e-05,-1.0558125096176232e-05,45.63492063492128,55.15873015873141,4.334123137201573e-05,-1447623.9999999995,308.043269,2212.2928848,0.08318,0.08358,False,True,-1,EMA5 cross down EMA20
2026-09-11 03:06:00+00:00,0.08341,0.08341,0.0833,0.0833,22781.1,1898.30547,0.0834053396311479,0.0834405160177419,0.0834553109522433,0.0834386372225389,0.0834150166731244,0.0834805,0.083593897530839,0.0834805,0.0833671024691609,33.837851138264014,-7.159312561538789e-06,1.2789929874295343e-05,-1.994924243583413e-05,25.00000000000001,42.85714285714349,4.8102571988300245e-05,-1470405.0999999996,1898.30547,2289.30711625,0.08318,0.08358,False,False,0,
2026-09-11 03:07:00+00:00,0.0833,0.08332,0.0833,0.08332,90.0,7.4988,0.0833768930874319,0.083418604014516,0.0834424241948868,0.0834339847824393,0.0834131351548447,0.0834705,0.0836020256628966,0.0834705,0.0833389743371034,36.51117442698703,-1.6747433460737038e-05,6.88245720728887e-06,-2.362989066802591e-05,11.363636363637328,27.332852332852863,4.609524541770781e-05,-1470315.0999999996,7.4988,2286.0548224000004,0.08318,0.08358,False,False,0,
2026-09-11 03:08:00+00:00,0.08332,0.08332,0.08332,0.08332,313.6,26.129152,0.0833579287249546,0.0834006760118767,0.0834307647477547,0.0834295147909711,0.0834112908943528,0.0834585,0.0835986820245266,0.0834585,0.0833183179754733,36.51117442698703,-2.4068640051735923e-05,6.922377554839105e-07,-2.4760877807219836e-05,6.060606060607982,14.141414141415098,4.280272788787154e-05,-1470315.0999999996,26.129152,2251.5148054,0.08318,0.08358,False,False,0,
2026-09-11 03:09:00+00:00,0.08332,0.08332,0.0833,0.08332,1076.1,89.649294,0.0833452858166364,0.083386007646081,0.083420215724159,0.083425220093286,0.0834094831538705,0.0834475,0.0835947243186446,0.0834475,0.0833002756813553,36.51117442698703,-2.953034162529733e-05,-5.352278120672338e-06,-2.417806350462499e-05,9.09090909091196,8.838383838385747,4.117396161016687e-05,-1470315.0999999996,89.649294,2227.2933438,0.08318,0.08358,False,False,0,
2026-09-11 03:10:00+00:00,0.08332,0.0834,0.08332,0.08336,7082.9,590.583535,0.0833501905444243,0.0833812789831571,0.0834144808932867,0.0834226624425689,0.0834085032894374,0.0834395,0.0835874831071453,0.0834395,0.0832915168928546,42.331710625372345,-3.028204124416733e-05,-1.033823074537134e-05,-1.9943810498796e-05,15.151515151517836,10.101010101012582,4.394725006658329e-05,-1463232.1999999995,590.583535,1996.1794229,0.08318,0.08358,False,False,0,
2026-09-11 03:11:00+00:00,0.08336,0.08336,0.08334,0.08336,5088.7,424.158046,0.0833534603629495,0.0833774100771286,0.0834092922367832,0.0834202050918799,0.0834075428282605,0.0834319999999999,0.0835801350734984,0.0834319999999999,0.0832838649265015,42.331710625372345,-3.052588520489896e-05,-1.4375761637276865e-05,-1.6150123567622097e-05,21.212121212123705,15.151515151517822,4.2236732204684925e-05,-1463232.1999999995,424.158046,2015.97546455,0.08318,0.08358,False,False,0,
2026-09-11 03:12:00+00:00,0.08336,0.08341,0.0833,0.08336,305456.4,25457.99797,0.0833556402419663,0.0833742446085597,0.083404597738042,0.0834178441078846,0.0834066013861167,0.083424,0.08356951975811,0.083424,0.0832784802418899,42.331710625372345,-3.036905770739673e-05,-1.757442085130084e-05,-1.2794636856095893e-05,27.272727272729565,21.21212121212369,4.707696561863593e-05,-1463232.1999999995,25457.99797,3167.92222635,0.08318,0.08358,False,False,0,
2026-09-11 03:13:00+00:00,0.08336,0.08359,0.08336,0.08358,46424.7,3878.854409,0.0834304268279775,0.0834116546797307,0.0834213027153713,0.0834242031624774,0.0834100350220352,0.083433,0.083593012499513,0.083433,0.083272987500487,64.61570334877217,-1.2350243483338907e-05,-1.6529585377708455e-05,4.1793418943695474e-06,50.365726227797175,32.95019157088347,6.0142896645875794e-05,-1416807.4999999998,3878.854409,2795.3436696,0.08318,0.08359,True,False,1,EMA5 cross up EMA20
2026-09-11 03:14:00+00:00,0.08358,0.08358,0.08353,0.08357,47751.3,3989.133012,0.0834769512186517,0.0834404447379614,0.0834354643615264,0.0834299206855175,0.0834132026453612,0.0834385,0.0836090608395863,0.0834385,0.0832679391604136,63.41615475356876,1.1100838259031631e-06,-1.3001651536986133e-05,1.4111735362889296e-05,72.30929989550889,49.98258446534519,5.941840402831384e-05,-1464558.7999999998,3989.133012,2950.3195204,0.08318,0.08359,False,False,0,
2026-09-11 03:15:00+00:00,0.08357,0.08359,0.08348,0.08348,39059.2,3263.668069,0.0834779674791011,0.0834476366037866,0.0834397058509048,0.0834318845802031,0.083414525365255,0.083439,0.0836099853794931,0.083439,0.0832680146205069,53.74562848415552,4.463786602945663e-06,-9.508563908999771e-06,1.3972350511945436e-05,83.90804597701289,68.86102403343965,6.30313751691485e-05,-1503617.9999999998,3263.668069,2553.5232016500004,0.08318,0.08359,False,False,0,
2026-09-11 03:16:00+00:00,0.08348,0.08351,0.08342,0.08347,2139.9,178.606077,0.0834753116527341,0.0834517026758254,0.0834425910079615,0.0834333793025481,0.0834156238728737,0.0834375,0.0836068369422199,0.0834375,0.08326816305778,52.78250412245221,6.242741353010284e-06,-6.358302856597762e-06,1.2601044209608046e-05,71.2643678160934,75.82723789620506,6.49577055142098e-05,-1505757.8999999997,178.606077,2560.5508682,0.08318,0.08359,False,False,0,
2026-09-11 03:17:00+00:00,0.08347,0.08354,0.08334,0.08338,599496.8,50021.58372,0.0834435411018227,0.0834386658256753,0.0834366299595842,0.0834312859965658,0.0834149184496485,0.083433,0.0836034230031433,0.083433,0.0832625769968566,44.97154717074265,3.858797884837007e-07,-5.00946632758147e-06,5.3953461160651705e-06,49.42528735632207,68.19923371647612,7.460358369176666e-05,-2105254.7,50021.58372,5053.6352077,0.08321,0.08359,False,False,0,
2026-09-11 03:18:00+00:00,0.08338,0.08348,0.08337,0.08348,1388.6,115.849274,0.0834556940678818,0.083446181130098,0.0834407604396238,0.0834331963496416,0.0834162071932198,0.0834335,0.0836044122581923,0.0834335,0.0832625877418076,53.249819673386185,3.7699810722657823e-06,-3.2535768476120195e-06,7.023557919877802e-06,49.42528735632208,56.704980842912505,7.713189914235469e-05,-2103866.1,115.849274,5059.4276714,0.08322,0.08359,False,False,0,
2026-09-11 03:19:00+00:00,0.08348,0.0835,0.08348,0.08349,3261.7,272.320126,0.0834671293785879,0.0834541481973529,0.0834454499215644,0.0834354239437733,0.0834176684369184,0.0834335,0.0836044122581923,0.0834335,0.0832625877418076,53.99513636413199,7.176100527389595e-06,-1.1676413726116965e-06,8.343741900001292e-06,51.72413793103383,50.19157088122598,7.305104920361551e-05,-2100604.3999999994,272.320126,5072.7940426000005,0.08322,0.08359,False,False,0,
2026-09-11 03:20:00+00:00,0.08349,0.08349,0.08346,0.08347,2307.4,192.603589,0.0834680862523919,0.0834570303432887,0.0834477880242726,0.0834367798675469,0.0834187047054943,0.083431,0.0835982004784694,0.083431,0.0832637995215306,52.202614385766935,8.167492117266972e-06,6.993853253640372e-07,7.468106791902935e-06,62.06896551724156,54.40613026819915,6.997597426049928e-05,-2102911.8,192.603589,5021.46126565,0.08324,0.08359,False,False,0,
2026-09-11 03:21:00+00:00,0.08347,0.08348,0.08334,0.08335,8390.3,699.968616,0.0834287241682612,0.0834375702808726,0.0834384748791037,0.0834333767354863,0.0834173442162766,0.0834235,0.0835911036992444,0.0834235,0.0832558963007556,42.98248000915415,-7.215029860091482e-07,4.152076630894002e-07,-1.1367106490985483e-06,47.12643678160871,53.63984674329469,7.497769038474942e-05,-2111302.099999999,699.968616,5039.194822449999,0.08325,0.08359,False,True,-1,EMA5 cross down EMA20
2026-09-11 03:22:00+00:00,0.08335,0.08349,0.08334,0.08342,719007.4,59980.325959,0.0834258161121742,0.0834343756843503,0.0834367153668081,0.0834328521576241,0.0834173968060533,0.0834195,0.0835833871563009,0.0834195,0.083255612843699,48.67701636770335,-2.0935475485706068e-06,-8.65433792426012e-08,-2.0070041693280057e-06,39.08045977011435,49.42528735632154,8.033642678583856e-05,-1392294.6999999993,59980.325959,7781.3106233,0.08325,0.08359,False,False,0,
2026-09-11 03:23:00+00:00,0.08342,0.08343,0.08338,0.08343,17408.0,1451.934286,0.0834272107414494,0.0834335801053775,0.0834360758080645,0.0834327403083055,0.0834176463742503,0.083416,0.0835757998748447,0.083416,0.0832562001251552,49.45366813435256,-2.3469323477548487e-06,-5.386211729450507e-07,-1.808311174809798e-06,34.48275862068923,40.22988505747076,7.816953915827926e-05,-1374886.6999999993,1451.934286,7853.9073376,0.08325,0.08359,False,False,0,
2026-09-11 03:24:00+00:00,0.08343,0.08343,0.08341,0.08343,9537.3,795.685237,0.0834281404942996,0.083432929177127,0.0834354971596774,0.0834326328452347,0.0834178910005027,0.0834149999999999,0.0835741854264699,0.0834149999999999,0.08325581457353,49.45366813435256,-2.518707534038267e-06,-9.34638445163694e-07,-1.584069088874573e-06,43.67816091954108,39.08045977011488,7.401457207554546e-05,-1374886.6999999993,795.685237,7682.1448955,0.08325,0.08359,False,False,0,
2026-09-11 03:25:00+00:00,0.08343,0.08343,0.08341,0.08341,2174.7,181.391727,0.0834220936628664,0.0834287602358312,0.0834330688587557,0.0834317452826764,0.083417734743067,0.0834149999999999,0.0835741854264699,0.0834149999999999,0.08325581457353,47.77668082593348,-4.220027608359267e-06,-1.5917162778028083e-06,-2.6283113305564584e-06,42.5287356321852,40.22988505747183,7.015638835586408e-05,-1377061.3999999992,181.391727,7675.8123184000015,0.0833,0.08359,False,False,0,
2026-09-11 03:26:00+00:00,0.08341,0.08341,0.08339,0.08341,7214.1,601.710201,0.0834180624419109,0.0834253492838619,0.0834308718245885,0.083430892526493,0.083417581579838,0.0834205,0.0835707631025914,0.0834205,0.0832702368974085,47.77668082593348,-5.504879203796498e-06,-2.3743488630015465e-06,-3.1305303407949517e-06,36.91954022988576,41.04214559387066,6.657378918758751e-05,-1377061.3999999992,601.710201,7610.98255495,0.0833,0.08359,False,False,0,
2026-09-11 03:27:00+00:00,0.08341,0.08348,0.08341,0.08348,34903.2,2913.348303,0.0834387082946073,0.0834352857777051,0.0834355506984372,0.0834328183097678,0.083418817588158,0.0834284999999999,0.0835734517161002,0.0834284999999999,0.0832835482838997,54.0953466701849,-8.647500640002193e-07,-2.0724291032012814e-06,1.207679039201062e-06,40.64367816091973,40.03065134099688,6.68185185313313e-05,-1342158.1999999993,2913.348303,7756.275030100001,0.0833,0.08359,True,False,1,EMA5 cross up EMA20
2026-09-11 03:28:00+00:00,0.08348,0.08352,0.08348,0.08348,2716.4,226.842476,0.0834524721964048,0.0834434156363042,0.0834397839652527,0.0834346685721299,0.0834200291210658,0.0834365,0.0835740899705661,0.0834365,0.0832989100294338,54.0953466701849,2.7805334508052004e-06,-1.101836592399985e-06,3.882370043205185e-06,46.66666666666705,41.409961685824165,6.490291006480753e-05,-1342158.1999999993,226.842476,7766.3106963,0.0833,0.08359,False,False,0,
2026-09-11 03:29:00+00:00,0.08348,0.0835,0.08348,0.08349,3471.9,289.885995,0.0834649814642699,0.0834518855206125,0.0834445664447525,0.0834368384320464,0.0834214146830249,0.083445,0.0835734523257882,0.083445,0.0833165476742118,54.99747663945585,6.402558615392628e-06,3.990424491585377e-07,6.003516166234091e-06,62.33333333333249,49.88122605363975,6.169555934589314e-05,-1338686.299999999,289.885995,7776.322531350001,0.0833,0.08359,False,False,0,
2026-09-11 03:30:00+00:00,0.08349,0.08352,0.08345,0.08345,60221.9,5026.454951,0.0834599876428466,0.0834515426986829,0.0834450839262046,0.0834373545719661,0.0834219807289056,0.0834495,0.0835718887249725,0.0834495,0.0833271112750274,50.7050007286506,5.976480797156847e-06,1.5145301187581998e-06,4.461950678398647e-06,61.99999999999832,56.99999999999928,6.228873367832939e-05,-1398908.1999999993,5026.454951,7998.116102149999,0.0833,0.08359,False,False,0,
2026-09-11 03:31:00+00:00,0.08345,0.08345,0.08343,0.08343,13388.6,1117.011137,0.0834499917618977,0.0834476258443769,0.0834436473618042,0.0834370661573792,0.083422139526353,0.083453,0.0835687756451089,0.083453,0.083337224354891,48.660007104134266,3.979109505974909e-06,2.0074459962015418e-06,1.9716635097733675e-06,59.99999999999945,61.44444444444341,5.9268109844162455e-05,-1412296.799999999,1117.011137,8032.758756699999,0.0833,0.08359,False,False,0,
2026-09-11 03:32:00+00:00,0.08343,0.08344,0.08342,0.08344,14280.9,1191.568958,0.0834466611745985,0.0834462393272175,0.0834432999940133,0.083437181210031,0.0834224931990985,0.083457,0.0835649073676835,0.083457,0.0833490926323164,49.75124922780081,3.16659228917493e-06,2.23927525479622e-06,9.273170343787104e-07,53.5185185185197,58.506172839505815,5.646324485529415e-05,-1398015.8999999994,1191.568958,6819.437306100001,0.0833,0.08359,False,False,0,
2026-09-11 03:33:00+00:00,0.08344,0.08344,0.08339,0.0834,61353.7,5118.765989,0.0834311074497323,0.0834378321768143,0.0834391761850597,0.0834357231233631,0.0834220477892153,0.083448,0.0835425727233424,0.083448,0.0833534272766576,45.578079801170425,-6.969649865573579e-07,1.652027206525504e-06,-2.348992193082862e-06,46.29629629629903,53.27160493827271,5.600158450848703e-05,-1459369.5999999994,5118.765989,6881.4328851,0.0833,0.08359,False,True,-1,EMA5 cross down EMA20
2026-09-11 03:34:00+00:00,0.0834,0.08346,0.0834,0.08346,1391.3,116.072761,0.0834407382998215,0.0834418626901208,0.0834411594055302,0.083436675157741,0.0834227993181418,0.0834425,0.0835191485485863,0.0834425,0.0833658514514136,52.07226770086517,1.0702988570837624e-06,1.535681536637156e-06,-4.653826795533935e-07,51.85185185185501,50.5555555555579,5.6287185615023993e-05,-1457978.299999999,116.072761,6687.779872550001,0.0833,0.08359,False,False,0,
2026-09-11 03:35:00+00:00,0.08346,0.08349,0.08346,0.08347,9057.5,756.035513,0.083450492199881,0.0834469785646443,0.083443906128813,0.0834379820143002,0.0834237339851092,0.083442,0.0835177891812886,0.083442,0.0833662108187113,53.07727144641446,3.2404309413536225e-06,1.8766314175804491e-06,1.3637995237731732e-06,57.40740740741099,51.851851851855,5.440952949966431e-05,-1448920.799999999,756.035513,6562.39824475,0.0833,0.08359,True,False,1,EMA5 cross up EMA20
2026-09-11 03:36:00+00:00,0.08347,0.08352,0.08347,0.08352,1026.1,85.682075,0.0834736614665873,0.0834602551892544,0.0834511531641641,0.0834411984058963,0.0834256402428298,0.0834445,0.0835268346828523,0.0834445,0.0833621653171476,57.83783523005563,8.892352876987974e-06,3.279775709461954e-06,5.61257716752602e-06,79.62962962963236,62.96296296296611,5.409456310683076e-05,-1447894.6999999993,85.682075,6557.75204465,0.0833,0.08359,False,False,0,
2026-09-11 03:37:00+00:00,0.08352,0.08358,0.08352,0.08357,1204.7,100.666811,0.0835057743110582,0.0834802087912081,0.0834624719104342,0.0834462494488023,0.0834284988518827,0.083454,0.0835474665715665,0.083454,0.0833605334284335,61.99071633969236,1.7207763477536386e-05,6.065373263076842e-06,1.1142390214459545e-05,88.98635477583012,75.34113060429115,5.451638002777174e-05,-1446689.9999999993,100.666811,4061.706199200001,0.0833,0.08359,False,False,0,
2026-09-11 03:38:00+00:00,0.08357,0.08367,0.08357,0.08367,21081.7,1763.54204,0.0835605162073721,0.0835147162837157,0.0834822364903929,0.0834550239802218,0.0834332810528355,0.0834635,0.0835960556486929,0.0834635,0.0833309443513071,68.6430634651952,3.150379442125317e-05,1.115305749471211e-05,2.0350736926541064e-05,98.24561403508837,88.95386614685026,5.7765210025787255e-05,-1425608.299999999,1763.54204,4144.0908375,0.0833,0.08367,False,False,0,
2026-09-11 03:39:00+00:00,0.08367,0.08368,0.08366,0.08366,66828.6,5590.882411,0.0835936774715814,0.0835411315048583,0.0834991663484507,0.0834630622555072,0.0834377705369378,0.083472,0.0836296832267566,0.083472,0.0833143167732433,67.3731998606807,4.154765006748884e-05,1.7231976009267457e-05,2.4315674058221383e-05,95.946763460375,94.39291075709782,5.506769502394575e-05,-1492436.8999999994,5590.882411,4410.01895175,0.0833,0.08368,False,False,0,
2026-09-11 03:40:00+00:00,0.08366,0.08367,0.08364,0.08367,43231.7,3616.348543,0.0836191183143876,0.0835645621403386,0.0835154362200268,0.0834711774611736,0.0834423691401667,0.083482,0.0836617331355103,0.083482,0.0833022668644896,68.01051228829905,4.974101104313067e-05,2.37337830160401e-05,2.6007228027090567e-05,96.55172413792918,96.91470054446415,5.327714537937737e-05,-1449205.1999999995,3616.348543,4581.206199450001,0.0833,0.08368,False,False,0,
2026-09-11 03:41:00+00:00,0.08367,0.08369,0.08366,0.08366,310905.5,26014.590963,0.0836327455429251,0.0835819144784588,0.0835292041990719,0.0834785822666178,0.0834466786621436,0.0834974999999999,0.0836824189011442,0.0834974999999999,0.0833125810988557,66.60932047492292,5.47957410263894e-05,2.9946174618109964e-05,2.484956640827944e-05,93.21839080459551,95.23895946763322,5.161449213799344e-05,-1760110.6999999995,26014.590963,5846.9373168,0.0833,0.08369,False,False,0,
2026-09-11 03:42:00+00:00,0.08366,0.0837,0.08363,0.08365,291856.4,24417.641785,0.0836384970286167,0.0835942936641936,0.083540708561065,0.083485304530672,0.0834507048272497,0.083509,0.083701655132297,0.083509,0.0833163448677029,65.16351217927482,5.733382587337632e-05,3.542370486916324e-05,2.1910121004213084e-05,90.14089729328782,93.30367074527084,5.292774269956537e-05,-2051967.1,24417.641785,4068.8031081,0.0833,0.0837,False,False,0,
2026-09-11 03:43:00+00:00,0.08365,0.08368,0.08364,0.08364,17502.7,1463.989252,,,,,,,,,,,0.0,0.0,0.0,,,,0.0,1463.989252,1463.989252,0.08364,0.08368,False,False,0,
2026-09-11 03:44:00+00:00,0.08364,0.08364,0.08364,0.08364,0.0,0.0,,,,,,,,,,,0.0,0.0,0.0,,,,0.0,0.0,731.994626,0.08364,0.08368,False,False,0,
2026-09-11 03:45:00+00:00,0.08364,0.0837,0.0836,0.0836,2430.1,203.349187,,,,,,,,,,,-3.190883190895555e-06,-6.38176638179111e-07,-2.552706552716444e-06,,,,-2430.1,203.349187,555.7794796666667,0.0836,0.0837,False,False,0,
2026-09-11 03:46:00+00:00,0.0836,0.08364,0.0836,0.08364,1019.2,85.245888,,,,,,,,,,,-2.463616366757404e-06,-1.0032645838947698e-06,-1.4603517828626343e-06,,,,-1410.8999999999999,85.245888,438.14608175,0.0836,0.0837,False,False,0,
2026-09-11 03:47:00+00:00,0.08364,0.08364,0.08364,0.08364,0.0,0.0,0.0836340740740741,,,,,,,,,,-1.8657450217285376e-06,-1.1757606714615235e-06,-6.899843502670142e-07,,,,-1410.8999999999999,0.0,350.51686540000003,0.0836,0.0837,False,False,0,
